loan_id,property_type,region,origination_date,maturity_date,rate_type,interest_rate_pct,original_loan_amount,current_balance,appraised_value,net_operating_income,occupancy_pct,ltv,dscr,debt_yield,interest_coverage,covenant_status,delinquency_status,watchlist_rating,defaulted
L0001,Multifamily,Southwest,2019-04-06,2024-04-04,Fixed,5.29,13387946.0,12304292.0,13592429.0,941200.0,93.5,0.9052,1.26,0.0765,1.45,Compliant,Current,High Risk,0
L0002,Mixed-Use,Midwest,2020-10-08,2023-10-08,Fixed,6.08,15339288.0,14375560.0,16276839.0,1272823.0,80.5,0.8832,1.27,0.0885,1.46,Compliant,Current,High Risk,0
L0003,Industrial,West,2022-08-23,2027-08-22,Fixed,7.24,14729945.0,14135743.0,19516140.0,1266006.0,100.0,0.7243,1.08,0.0896,1.24,Compliant,Current,Watch,0
L0004,Retail,Northeast,2020-05-16,2027-05-15,Fixed,6.06,14821143.0,13819315.0,22279416.0,1335506.0,88.6,0.6203,1.39,0.0966,1.59,Compliant,Current,Pass,0
L0005,Office,West,2020-08-10,2030-08-08,Floating,5.91,18373197.0,17183218.0,16652455.0,1186771.0,67.7,1.0319,1.02,0.0691,1.17,Breached,Current,High Risk,0
L0006,Office,Northeast,2023-06-02,2030-05-31,Fixed,6.33,13674740.0,13250336.0,16197717.0,1111189.0,88.5,0.818,1.15,0.0839,1.32,Compliant,Current,Watch,0
L0007,Office,Southeast,2019-10-30,2029-10-27,Floating,6.5,25696862.0,23791774.0,33201860.0,2100501.0,66.6,0.7166,1.18,0.0883,1.36,Compliant,Current,Watch,0
L0008,Hospitality,Northeast,2021-07-06,2028-07-04,Fixed,4.96,7914863.0,7488111.0,7367798.0,511068.0,75.2,1.0163,1.2,0.0683,1.38,Compliant,Current,High Risk,0
L0009,Retail,Southwest,2019-12-04,2022-12-03,Floating,5.36,13193838.0,12230868.0,19196207.0,1181558.0,98.9,0.6372,1.57,0.0966,1.8,Compliant,Current,Pass,0
L0010,Industrial,Midwest,2021-04-17,2026-04-16,Fixed,4.99,6766489.0,6383858.0,9043016.0,544630.0,85.1,0.7059,1.49,0.0853,1.71,Compliant,Current,Pass,0
L0011,Office,Southeast,2021-10-27,2024-10-26,Fixed,8.43,15772161.0,14980355.0,24794540.0,1187811.0,77.0,0.6042,0.82,0.0793,0.94,Compliant,Current,High Risk,0
L0012,Mixed-Use,Northeast,2024-01-11,2031-01-09,Fixed,6.97,23170631.0,22621392.0,28561276.0,1772190.0,83.3,0.792,0.98,0.0783,1.12,Compliant,Current,High Risk,0
L0013,Industrial,West,2020-07-22,2030-07-20,Floating,6.07,7957022.0,7436699.0,14942267.0,734223.0,92.6,0.4977,1.42,0.0987,1.63,Compliant,Current,Pass,0
L0014,Multifamily,Southeast,2019-07-06,2022-07-05,Floating,7.6,17132573.0,15797078.0,31674552.0,1876570.0,100.0,0.4987,1.36,0.1188,1.56,Compliant,Current,Pass,0
L0015,Office,Southeast,2022-08-16,2029-08-14,Floating,6.09,33675534.0,32309322.0,38206069.0,2682652.0,69.2,0.8457,1.19,0.083,1.36,Compliant,Current,Watch,0
L0016,Office,Northeast,2022-07-31,2029-07-29,Fixed,7.17,19122965.0,18337090.0,32098238.0,1651566.0,75.5,0.5713,1.09,0.0901,1.26,Compliant,Current,Watch,0
L0017,Multifamily,Southeast,2019-07-11,2024-07-09,Fixed,6.27,14242111.0,13134270.0,17186683.0,1087769.0,100.0,0.7642,1.15,0.0828,1.32,Compliant,Current,Watch,0
L0018,Retail,West,2021-02-18,2026-02-17,Fixed,5.61,7491371.0,7053464.0,10673690.0,700079.0,84.4,0.6608,1.54,0.0993,1.77,Compliant,Current,Pass,0
L0019,Multifamily,Southeast,2021-06-28,2026-06-27,Fixed,6.81,12787723.0,12094873.0,19194289.0,1206412.0,84.5,0.6301,1.27,0.0997,1.46,Compliant,Current,Pass,0
L0020,Multifamily,West,2023-04-23,2026-04-22,Fixed,6.32,6494035.0,6283948.0,9575904.0,580951.0,94.1,0.6562,1.27,0.0924,1.46,Compliant,Current,Pass,0
L0021,Retail,Northeast,2022-08-03,2025-08-02,Floating,6.96,6806551.0,6527501.0,12173798.0,826948.0,93.4,0.5362,1.58,0.1267,1.82,Compliant,Current,Pass,0
L0022,Office,Midwest,2022-10-28,2025-10-27,Floating,6.79,8862764.0,8524473.0,11634738.0,804855.0,74.9,0.7327,1.21,0.0944,1.39,Compliant,90+ Days,Pass,1
L0023,Multifamily,Southeast,2019-01-21,2024-01-20,Floating,6.78,7319812.0,6709280.0,11102282.0,721801.0,96.4,0.6043,1.38,0.1076,1.59,Compliant,Current,Pass,0
L0024,Multifamily,Midwest,2021-06-15,2024-06-14,Floating,7.32,3987979.0,3770203.0,5072102.0,310251.0,81.0,0.7433,0.98,0.0823,1.12,Compliant,Current,High Risk,0
L0025,Multifamily,West,2023-04-24,2033-04-21,Fixed,8.53,13874701.0,13426301.0,20145116.0,1466214.0,81.4,0.6665,1.11,0.1092,1.28,Compliant,Current,Watch,0
L0026,Industrial,Southeast,2019-12-25,2024-12-23,Fixed,7.32,25354755.0,23521710.0,45152089.0,2402242.0,90.5,0.5209,1.21,0.1021,1.39,Compliant,Current,Pass,0
L0027,Office,Southwest,2024-05-02,2031-05-01,Fixed,6.4,14006389.0,13725955.0,17297119.0,1231320.0,82.7,0.7935,1.22,0.0897,1.4,Compliant,Current,Watch,0
L0028,Retail,Midwest,2022-06-17,2027-06-16,Floating,6.32,13602655.0,13023965.0,19532270.0,1343376.0,93.1,0.6668,1.42,0.1031,1.63,Compliant,Current,Pass,0
L0029,Retail,Southeast,2021-07-11,2026-07-10,Fixed,6.02,14858507.0,14059812.0,24072562.0,1607836.0,77.5,0.5841,1.65,0.1144,1.9,Compliant,Current,Pass,0
L0030,Office,Midwest,2023-08-01,2033-07-29,Fixed,5.07,9307740.0,9037229.0,12226170.0,793612.0,83.8,0.7392,1.51,0.0878,1.73,Compliant,Current,Pass,0
L0031,Retail,Southeast,2024-12-25,2027-12-25,Fixed,6.8,4656923.0,4599968.0,8969828.0,430465.0,88.3,0.5128,1.2,0.0936,1.38,Compliant,Current,Pass,0
L0032,Office,Northeast,2019-06-23,2024-06-21,Fixed,5.29,31041056.0,28608117.0,26306704.0,2038406.0,71.0,1.0875,1.17,0.0713,1.35,Compliant,90+ Days,High Risk,1
L0033,Office,Midwest,2023-08-26,2030-08-24,Floating,6.26,17108647.0,16625480.0,15743511.0,1142161.0,67.3,1.056,0.95,0.0687,1.1,Compliant,90+ Days,High Risk,1
L0034,Mixed-Use,Southwest,2020-07-17,2023-07-17,Floating,7.2,6883474.0,6432220.0,9497519.0,535161.0,86.8,0.6773,1.0,0.0832,1.16,Compliant,Current,Watch,0
L0035,Mixed-Use,Southwest,2022-02-04,2025-02-03,Fixed,5.99,9862943.0,9400222.0,12150762.0,872781.0,95.3,0.7736,1.35,0.0928,1.55,Compliant,Current,Watch,0
L0036,Industrial,West,2024-06-29,2029-06-28,Floating,6.16,12596238.0,12368057.0,13861793.0,924575.0,94.3,0.8922,1.06,0.0748,1.21,Compliant,90+ Days,High Risk,1
L0037,Multifamily,Southeast,2019-11-12,2022-11-11,Floating,5.52,7754253.0,7182690.0,12967153.0,774826.0,84.5,0.5539,1.7,0.1079,1.95,Compliant,Current,Pass,0
L0038,Office,Midwest,2019-02-22,2024-02-21,Fixed,7.28,3913282.0,3590999.0,3498061.0,264895.0,63.1,1.0266,0.88,0.0738,1.01,Breached,Current,High Risk,0
L0039,Industrial,West,2024-10-08,2027-10-08,Fixed,5.45,8376899.0,8252967.0,14881920.0,909619.0,100.0,0.5546,1.76,0.1102,2.02,Compliant,Current,Pass,0
L0040,Multifamily,Midwest,2024-08-18,2034-08-16,Fixed,5.67,10510349.0,10337231.0,14187132.0,1095319.0,100.0,0.7286,1.62,0.106,1.87,Compliant,Current,Pass,0
L0041,Office,Southeast,2019-03-13,2026-03-11,Fixed,4.59,18091574.0,16612922.0,22107154.0,1543268.0,80.4,0.7515,1.76,0.0929,2.02,Compliant,Current,Watch,0
L0042,Retail,Southwest,2020-07-10,2027-07-09,Floating,6.58,15987823.0,14936044.0,27750807.0,2042710.0,98.8,0.5382,1.81,0.1368,2.08,Compliant,Current,Pass,0
L0043,Office,Northeast,2020-03-17,2027-03-16,Fixed,5.9,18537752.0,17248134.0,19691003.0,1382540.0,79.8,0.8759,1.18,0.0802,1.36,Compliant,Current,High Risk,0
L0044,Hospitality,Southwest,2020-02-10,2030-02-07,Floating,6.76,25144973.0,23365949.0,25075286.0,1750119.0,63.8,0.9318,0.96,0.0749,1.11,Compliant,Current,High Risk,0
L0045,Multifamily,West,2022-08-14,2025-08-13,Fixed,5.14,21444152.0,20572756.0,33706095.0,2256187.0,96.4,0.6104,1.85,0.1097,2.13,Compliant,Current,Pass,0
L0046,Industrial,Northeast,2022-06-03,2032-05-31,Fixed,6.86,10057054.0,9624573.0,18355553.0,1073040.0,87.4,0.5243,1.41,0.1115,1.63,Compliant,Current,Pass,0
L0047,Multifamily,West,2020-07-20,2027-07-19,Fixed,4.54,38861073.0,36317323.0,55577970.0,3643843.0,84.0,0.6534,1.92,0.1003,2.21,Compliant,Current,Pass,0
L0048,Retail,Southeast,2024-01-19,2031-01-17,Fixed,6.12,3992438.0,3898851.0,5704860.0,417867.0,93.2,0.6834,1.52,0.1072,1.75,Compliant,Current,Pass,0
L0049,Retail,Northeast,2020-05-31,2025-05-30,Fixed,6.3,4785834.0,4464698.0,5412074.0,386819.0,93.8,0.825,1.2,0.0866,1.37,Compliant,Current,Watch,0
L0050,Office,West,2021-09-23,2024-09-22,Floating,6.65,25230381.0,23935544.0,22857134.0,1588829.0,67.8,1.0472,0.87,0.0664,1.0,Compliant,Current,High Risk,0
L0051,Mixed-Use,Southeast,2024-12-23,2029-12-22,Fixed,6.34,27908457.0,27565298.0,39750168.0,1834002.0,75.1,0.6935,0.91,0.0665,1.05,Compliant,Current,High Risk,0
L0052,Industrial,Southwest,2021-01-01,2027-12-31,Floating,7.31,8954425.0,8416865.0,8712124.0,549569.0,90.4,0.9661,0.78,0.0653,0.89,Compliant,90+ Days,High Risk,1
L0053,Mixed-Use,Southeast,2023-03-07,2026-03-06,Fixed,7.39,8030250.0,7758058.0,11372976.0,706664.0,79.3,0.6821,1.07,0.0911,1.23,Compliant,Current,Watch,0
L0054,Hospitality,Midwest,2020-11-01,2027-10-31,Fixed,6.06,57950357.0,54355212.0,76379766.0,4206286.0,71.8,0.7116,1.11,0.0774,1.28,Compliant,90+ Days,Watch,1
L0055,Retail,Southeast,2019-01-17,2022-01-16,Fixed,5.33,5173962.0,4741730.0,6861315.0,501794.0,87.4,0.6911,1.73,0.1058,1.99,Compliant,Current,Pass,0
L0056,Mixed-Use,Southeast,2023-05-12,2026-05-11,Fixed,6.7,16870006.0,16334788.0,35901546.0,1679195.0,94.3,0.455,1.33,0.1028,1.53,Compliant,Current,Pass,0
L0057,Office,Midwest,2024-02-10,2027-02-09,Fixed,5.95,37082874.0,36240433.0,44721313.0,3243624.0,80.5,0.8104,1.31,0.0895,1.5,Compliant,Current,Watch,0
L0058,Office,West,2022-04-28,2025-04-27,Fixed,7.34,14118541.0,13494695.0,16713072.0,1286291.0,72.8,0.8074,1.13,0.0953,1.3,Compliant,Current,Watch,0
L0059,Office,West,2023-04-14,2028-04-12,Fixed,5.66,12784090.0,12366733.0,13386088.0,844815.0,62.9,0.9238,1.05,0.0683,1.21,Compliant,90+ Days,High Risk,1
L0060,Multifamily,Southeast,2020-07-17,2023-07-17,Fixed,5.43,8849654.0,8269505.0,14785919.0,951192.0,93.4,0.5593,1.84,0.115,2.12,Compliant,Current,Pass,0
L0061,Multifamily,Midwest,2024-04-03,2034-04-01,Fixed,6.33,19702782.0,19289509.0,21032527.0,1550266.0,78.3,0.9171,1.1,0.0804,1.27,Compliant,Current,High Risk,0
L0062,Multifamily,Midwest,2023-02-17,2028-02-16,Fixed,4.63,21498602.0,20757165.0,37656207.0,2188846.0,86.7,0.5512,1.98,0.1055,2.28,Compliant,Current,Pass,0
L0063,Industrial,Southwest,2024-09-08,2027-09-08,Floating,6.18,10187221.0,10026458.0,10946123.0,776594.0,88.2,0.916,1.09,0.0775,1.25,Compliant,Current,High Risk,0
L0064,Multifamily,West,2022-08-25,2029-08-23,Floating,6.3,33804769.0,32443317.0,40568373.0,2301836.0,87.9,0.7997,0.98,0.0709,1.13,Compliant,Current,High Risk,0
L0065,Multifamily,Northeast,2019-07-09,2029-07-06,Fixed,6.4,12212845.0,11262050.0,25149800.0,1359171.0,81.5,0.4478,1.64,0.1207,1.89,Compliant,Current,Pass,0
L0066,Retail,West,2023-02-09,2030-02-07,Fixed,5.3,16284680.0,15718777.0,25901697.0,1752610.0,81.2,0.6069,1.83,0.1115,2.1,Compliant,Current,Pass,0
L0067,Office,West,2021-12-23,2024-12-22,Floating,5.81,14193312.0,13507367.0,14484371.0,938005.0,87.2,0.9325,1.04,0.0694,1.2,Compliant,Current,High Risk,0
L0068,Industrial,Southwest,2019-02-01,2029-01-29,Floating,7.64,36094886.0,33097329.0,76153044.0,3770410.0,100.0,0.4346,1.3,0.1139,1.49,Compliant,Current,Pass,0
L0069,Office,Northeast,2020-02-05,2027-02-03,Fixed,6.19,42689118.0,39661816.0,53158471.0,4132423.0,90.3,0.7461,1.46,0.1042,1.68,Compliant,Current,Pass,0
L0070,Mixed-Use,Southwest,2024-08-01,2027-08-01,Floating,7.38,13048475.0,12826258.0,20991256.0,1286083.0,85.1,0.611,1.18,0.1003,1.36,Compliant,Current,Pass,0
L0071,Industrial,Northeast,2019-10-20,2022-10-19,Fixed,5.71,22011878.0,20372747.0,39872544.0,2774974.0,96.2,0.5109,2.07,0.1362,2.38,Compliant,Current,Pass,0
L0072,Office,Southeast,2021-02-04,2026-02-03,Fixed,6.15,38534773.0,36264494.0,37712982.0,2996170.0,87.3,0.9616,1.17,0.0826,1.34,Compliant,Current,High Risk,0
L0073,Office,Northeast,2021-06-22,2024-06-21,Floating,6.79,42289734.0,39990099.0,37450162.0,2517716.0,66.2,1.0678,0.81,0.063,0.93,Breached,90+ Days,High Risk,1
L0074,Industrial,Southwest,2024-02-22,2031-02-20,Fixed,7.77,2553571.0,2496566.0,3506165.0,268080.0,100.0,0.7121,1.2,0.1074,1.38,Compliant,Current,Pass,0
L0075,Industrial,West,2022-02-02,2027-02-01,Floating,6.4,14853394.0,14155569.0,23499235.0,1344920.0,100.0,0.6024,1.29,0.095,1.48,Compliant,Current,Pass,0
L0076,Industrial,Northeast,2024-09-19,2034-09-17,Floating,6.45,13475179.0,13267403.0,9676272.0,752706.0,86.9,1.3711,0.76,0.0567,0.88,Breached,Current,High Risk,0
L0077,Industrial,Northeast,2019-09-26,2024-09-24,Fixed,7.19,12957508.0,11982394.0,22866683.0,1316371.0,100.0,0.524,1.33,0.1099,1.53,Compliant,Current,Pass,0
L0078,Office,Midwest,2019-10-07,2022-10-06,Fixed,5.86,20296781.0,18776691.0,37750821.0,2259754.0,94.5,0.4974,1.79,0.1203,2.05,Compliant,Current,Pass,0
L0079,Multifamily,West,2021-09-03,2024-09-02,Fixed,6.46,13752256.0,13037440.0,27243904.0,1414177.0,98.2,0.4785,1.46,0.1085,1.68,Compliant,Current,Pass,0
L0080,Office,Southeast,2021-02-07,2026-02-06,Fixed,7.11,36455740.0,34311543.0,51177668.0,3450184.0,82.8,0.6704,1.23,0.1006,1.41,Compliant,30-60 Days,Pass,0
L0081,Hospitality,Southwest,2020-02-25,2027-02-23,Floating,6.08,29599362.0,27519784.0,27746408.0,1961070.0,59.0,0.9918,1.02,0.0713,1.17,Breached,Current,High Risk,0
L0082,Retail,Southeast,2019-08-21,2026-08-19,Fixed,6.51,9013650.0,8324661.0,10732382.0,771672.0,95.6,0.7757,1.24,0.0927,1.42,Compliant,Current,Watch,0
L0083,Multifamily,West,2020-08-12,2025-08-11,Fixed,7.77,22456188.0,21003242.0,38280351.0,1995008.0,83.8,0.5487,1.06,0.095,1.22,Compliant,Current,Watch,0
L0084,Office,Northeast,2023-01-24,2026-01-23,Floating,7.43,22652861.0,21853743.0,22026683.0,1506070.0,81.0,0.9921,0.81,0.0689,0.93,Compliant,30-60 Days,High Risk,0
L0085,Multifamily,Northeast,2023-03-23,2026-03-22,Fixed,6.46,15916707.0,15385568.0,21591303.0,1483492.0,95.8,0.7126,1.3,0.0964,1.49,Compliant,Current,Pass,0
L0086,Multifamily,West,2022-05-31,2029-05-29,Floating,6.4,33507760.0,32063530.0,32973414.0,2325712.0,65.6,0.9724,0.99,0.0725,1.13,Compliant,Current,High Risk,0
L0087,Industrial,Northeast,2023-03-13,2026-03-12,Fixed,5.66,7874429.0,7609072.0,13849765.0,803916.0,97.2,0.5494,1.62,0.1057,1.87,Compliant,Current,Pass,0
L0088,Retail,Northeast,2019-02-16,2024-02-15,Floating,5.71,3475717.0,3188785.0,7011320.0,297646.0,100.0,0.4548,1.42,0.0933,1.63,Compliant,Current,Pass,0
L0089,Hospitality,Northeast,2021-11-26,2028-11-24,Fixed,7.56,22893256.0,21766532.0,14582695.0,1040596.0,51.3,1.4926,0.55,0.0478,0.63,Breached,90+ Days,High Risk,1
L0090,Multifamily,Southwest,2023-02-02,2033-01-30,Fixed,7.38,13502914.0,13030571.0,21232290.0,1352232.0,91.6,0.6137,1.22,0.1038,1.41,Compliant,Current,Pass,0
L0091,Office,Southwest,2019-06-04,2024-06-02,Fixed,5.61,26768149.0,24653392.0,29055313.0,1961878.0,62.4,0.8485,1.23,0.0796,1.42,Compliant,Current,Watch,0
L0092,Industrial,Midwest,2023-06-30,2026-06-29,Fixed,6.5,10608004.0,10288544.0,14633764.0,938735.0,86.8,0.7031,1.22,0.0912,1.4,Compliant,Current,Pass,0
L0093,Industrial,Southeast,2023-11-24,2030-11-22,Floating,6.7,15148487.0,14765500.0,17936294.0,1203714.0,78.6,0.8232,1.06,0.0815,1.22,Compliant,Current,Watch,0
L0094,Retail,West,2023-09-28,2030-09-26,Floating,7.67,31721057.0,30859635.0,46505748.0,3331396.0,88.3,0.6636,1.22,0.108,1.41,Compliant,Current,Pass,0
L0095,Industrial,West,2019-01-14,2024-01-13,Floating,6.94,15540010.0,14240269.0,30064783.0,1451732.0,100.0,0.4737,1.28,0.1019,1.47,Compliant,Current,Pass,0
L0096,Retail,West,2022-08-12,2032-08-09,Fixed,6.18,13694098.0,13136730.0,21500841.0,1618351.0,90.3,0.611,1.73,0.1232,1.99,Compliant,Current,Pass,0
L0097,Retail,Midwest,2024-10-10,2031-10-09,Fixed,5.71,7449890.0,7340162.0,7934499.0,502736.0,79.6,0.9251,1.04,0.0685,1.2,Compliant,Current,High Risk,0
L0098,Multifamily,Southwest,2021-02-09,2024-02-09,Fixed,6.51,5601393.0,5272307.0,7397633.0,589175.0,87.1,0.7127,1.49,0.1117,1.72,Compliant,Current,Pass,0
L0099,Office,Midwest,2024-05-26,2027-05-26,Fixed,5.89,5085587.0,4987776.0,7576088.0,461118.0,80.2,0.6584,1.37,0.0924,1.57,Compliant,Current,Pass,0
L0100,Office,West,2021-03-12,2026-03-11,Floating,6.8,13532544.0,12751290.0,22976836.0,1352546.0,70.8,0.555,1.36,0.1061,1.56,Compliant,Current,Watch,0
L0101,Office,Southeast,2024-09-12,2031-09-11,Fixed,6.13,4354315.0,4286173.0,4063179.0,258682.0,67.4,1.0549,0.86,0.0604,0.98,Compliant,Current,High Risk,0
L0102,Retail,Northeast,2023-04-28,2026-04-27,Fixed,5.86,10611024.0,10269495.0,9092226.0,631909.0,85.1,1.1295,0.91,0.0615,1.05,Compliant,Current,High Risk,0
L0103,Multifamily,Southwest,2020-09-03,2027-09-02,Fixed,5.32,9721669.0,9099695.0,16245121.0,1015821.0,84.4,0.5601,1.82,0.1116,2.1,Compliant,Current,Pass,0
L0104,Retail,Southwest,2023-09-15,2030-09-13,Floating,7.06,3884854.0,3777696.0,4146617.0,290896.0,90.3,0.911,0.95,0.077,1.09,Compliant,90+ Days,High Risk,1
L0105,Hospitality,Midwest,2019-10-07,2022-10-06,Floating,6.64,23641963.0,21871342.0,34415982.0,2117129.0,78.4,0.6355,1.27,0.0968,1.46,Compliant,Current,Pass,0
L0106,Multifamily,Southwest,2024-04-06,2031-04-05,Floating,8.21,7993742.0,7826859.0,15021122.0,981090.0,100.0,0.5211,1.33,0.1253,1.53,Compliant,Current,Pass,0
L0107,Multifamily,West,2019-09-30,2029-09-27,Fixed,5.27,15376396.0,14221270.0,18935704.0,1611977.0,94.7,0.751,1.87,0.1133,2.15,Compliant,Current,Watch,0
L0108,Industrial,West,2021-03-13,2024-03-12,Fixed,6.76,14757915.0,13906404.0,23274143.0,1587655.0,99.2,0.5975,1.47,0.1142,1.69,Compliant,Current,Pass,0
L0109,Multifamily,Midwest,2024-11-23,2029-11-22,Floating,6.53,8157175.0,8048829.0,11455295.0,789699.0,87.2,0.7026,1.31,0.0981,1.5,Compliant,Current,Pass,0
L0110,Office,West,2019-07-30,2024-07-28,Floating,8.49,15797743.0,14578764.0,26451405.0,1368777.0,73.7,0.5512,0.96,0.0939,1.11,Compliant,Current,High Risk,0
L0111,Multifamily,Southeast,2022-04-14,2032-04-11,Fixed,6.69,13505531.0,12902555.0,19912410.0,1537011.0,100.0,0.648,1.55,0.1191,1.78,Compliant,Current,Pass,0
L0112,Office,Midwest,2019-06-30,2029-06-27,Floating,6.89,8302017.0,7653232.0,7317107.0,545843.0,75.8,1.0459,0.9,0.0713,1.03,Compliant,Current,High Risk,0
L0113,Mixed-Use,Southeast,2024-03-18,2029-03-17,Floating,6.53,15755688.0,15416919.0,30476064.0,1784982.0,85.6,0.5059,1.54,0.1158,1.77,Compliant,Current,Pass,0
L0114,Industrial,Northeast,2024-03-29,2031-03-28,Floating,5.97,4551809.0,4455585.0,6469041.0,481430.0,100.0,0.6888,1.57,0.1081,1.81,Compliant,Current,Pass,0
L0115,Retail,Southeast,2023-06-01,2028-05-30,Floating,6.88,10919890.0,10580625.0,15373849.0,1044933.0,84.9,0.6882,1.25,0.0988,1.44,Compliant,Current,Pass,0
L0116,Hospitality,Northeast,2022-08-23,2027-08-22,Fixed,4.96,17317238.0,16618666.0,24495859.0,1602464.0,80.0,0.6784,1.69,0.0964,1.95,Compliant,Current,Pass,0
L0117,Industrial,Northeast,2024-04-23,2029-04-22,Fixed,5.0,4538001.0,4445799.0,7143359.0,547314.0,98.6,0.6224,2.14,0.1231,2.46,Compliant,Current,Pass,0
L0118,Office,Southeast,2024-07-05,2027-07-05,Fixed,7.11,13083950.0,12849514.0,21364833.0,1290208.0,81.6,0.6014,1.23,0.1004,1.41,Compliant,Current,Pass,0
L0119,Hospitality,Midwest,2023-02-21,2028-02-20,Floating,5.01,16367889.0,15805551.0,18801481.0,1099864.0,62.8,0.8407,1.21,0.0696,1.39,Compliant,Current,Watch,0
L0120,Retail,West,2022-09-30,2027-09-29,Floating,6.31,14398557.0,13835712.0,20789541.0,1390156.0,91.1,0.6655,1.38,0.1005,1.59,Compliant,Current,Pass,0
L0121,Industrial,West,2023-02-02,2026-02-01,Floating,5.66,11000081.0,10615290.0,15871847.0,1107126.0,90.6,0.6688,1.6,0.1043,1.84,Compliant,Current,Pass,0
L0122,Hospitality,Northeast,2021-04-23,2031-04-21,Fixed,5.84,13001827.0,12269165.0,15381151.0,1133542.0,71.8,0.7977,1.38,0.0924,1.58,Compliant,Current,Watch,0
L0123,Multifamily,Northeast,2021-03-23,2024-03-22,Floating,6.77,29722166.0,28017010.0,37607900.0,2393420.0,91.2,0.745,1.1,0.0854,1.26,Compliant,Current,Watch,0
L0124,Office,Midwest,2020-06-03,2023-06-03,Floating,7.49,25404885.0,23702688.0,43545278.0,2497411.0,85.7,0.5443,1.22,0.1054,1.41,Compliant,Current,Pass,0
L0125,Multifamily,Southwest,2020-07-08,2025-07-07,Floating,7.7,9973478.0,9316704.0,9561905.0,839125.0,91.7,0.9744,1.02,0.0901,1.17,Compliant,Current,High Risk,0
L0126,Multifamily,Southeast,2019-08-24,2026-08-22,Floating,5.77,5105395.0,4715651.0,12275012.0,677834.0,100.0,0.3842,2.17,0.1437,2.49,Compliant,Current,Pass,0
L0127,Industrial,Northeast,2024-06-04,2027-06-04,Floating,6.18,7917366.0,7767435.0,12262753.0,803162.0,91.8,0.6334,1.45,0.1034,1.67,Compliant,Current,Pass,0
L0128,Hospitality,West,2020-10-16,2025-10-15,Fixed,9.85,19487247.0,18268039.0,17029095.0,1226390.0,63.7,1.0728,0.59,0.0671,0.68,Compliant,90+ Days,High Risk,1
L0129,Office,Midwest,2023-12-15,2033-12-12,Fixed,5.97,22050594.0,21508331.0,26334682.0,1984584.0,80.8,0.8167,1.34,0.0923,1.54,Compliant,Current,Watch,0
L0130,Retail,Southeast,2020-04-23,2025-04-22,Fixed,5.41,11172245.0,10408615.0,18752876.0,1123214.0,95.6,0.555,1.74,0.1079,2.0,Compliant,Current,Pass,0
L0131,Multifamily,Midwest,2024-01-26,2029-01-24,Fixed,5.56,18700061.0,18266015.0,39865856.0,1918574.0,100.0,0.4582,1.64,0.105,1.89,Compliant,Current,Pass,0
L0132,Multifamily,Southeast,2019-12-21,2026-12-19,Floating,6.38,4946101.0,4587868.0,6022035.0,359441.0,93.3,0.7618,1.07,0.0783,1.23,Compliant,Current,Watch,0
L0133,Office,Southeast,2019-07-25,2022-07-24,Floating,6.25,20187214.0,18626216.0,20075288.0,1460515.0,80.7,0.9278,1.09,0.0784,1.26,Compliant,Current,High Risk,0
L0134,Multifamily,Northeast,2022-09-11,2027-09-10,Fixed,5.99,10991453.0,10554926.0,15144457.0,1071281.0,94.7,0.6969,1.47,0.1015,1.69,Compliant,Current,Pass,0
L0135,Mixed-Use,Midwest,2020-10-20,2025-10-19,Fixed,6.18,61065364.0,57252878.0,52315390.0,3716020.0,76.4,1.0944,0.91,0.0649,1.05,Compliant,Current,High Risk,0
L0136,Multifamily,Midwest,2023-11-09,2028-11-07,Floating,6.57,12434671.0,12114163.0,16751217.0,1196120.0,100.0,0.7232,1.31,0.0987,1.5,Compliant,Current,Pass,0
L0137,Retail,West,2019-07-24,2024-07-22,Fixed,5.34,5680176.0,5240764.0,5529395.0,426099.0,76.9,0.9478,1.32,0.0813,1.52,Compliant,Current,High Risk,0
L0138,Industrial,West,2019-09-18,2022-09-17,Fixed,6.53,10625831.0,9823392.0,14593028.0,846644.0,85.4,0.6732,1.15,0.0862,1.32,Compliant,Current,Watch,0
L0139,Multifamily,Northeast,2019-12-10,2024-12-08,Fixed,6.31,11943582.0,11074220.0,23740431.0,1287180.0,92.4,0.4665,1.6,0.1162,1.84,Compliant,Current,Pass,0
L0140,Mixed-Use,Northeast,2024-03-02,2027-03-02,Fixed,6.65,4688373.0,4585101.0,5192277.0,354811.0,82.4,0.8831,1.01,0.0774,1.16,Compliant,Current,High Risk,0
L0141,Mixed-Use,Southwest,2022-08-17,2029-08-15,Fixed,4.66,17524936.0,16814528.0,30641407.0,1702537.0,91.4,0.5488,1.89,0.1013,2.17,Compliant,Current,Pass,0
L0142,Multifamily,West,2021-11-23,2026-11-22,Fixed,6.34,10115812.0,9616950.0,17967375.0,963981.0,95.6,0.5352,1.37,0.1002,1.58,Compliant,30-60 Days,Pass,0
L0143,Retail,Southeast,2021-01-28,2026-01-27,Fixed,4.41,7883416.0,7417150.0,9431281.0,716925.0,88.1,0.7864,1.9,0.0967,2.19,Compliant,Current,Watch,0
L0144,Multifamily,Midwest,2024-06-10,2034-06-08,Floating,6.44,7421966.0,7282880.0,11824269.0,795220.0,83.0,0.6159,1.47,0.1092,1.69,Compliant,Current,Pass,0
L0145,Multifamily,Northeast,2023-08-25,2030-08-23,Fixed,6.79,6574864.0,6388966.0,10005754.0,652940.0,92.2,0.6385,1.31,0.1022,1.5,Compliant,Current,Pass,0
L0146,Office,Midwest,2019-10-11,2022-10-10,Floating,7.54,29187982.0,27005840.0,38267004.0,2504325.0,77.6,0.7057,1.07,0.0927,1.23,Compliant,30-60 Days,Watch,0
L0147,Retail,Midwest,2022-02-21,2032-02-19,Fixed,6.5,14718316.0,14036031.0,19079902.0,1221968.0,88.8,0.7356,1.16,0.0871,1.34,Compliant,Current,Pass,0
L0148,Retail,Southwest,2024-06-03,2027-06-03,Fixed,6.81,10068339.0,9877344.0,12670506.0,962390.0,83.6,0.7796,1.24,0.0974,1.43,Compliant,Current,Watch,0
L0149,Office,West,2024-02-27,2027-02-26,Floating,6.33,6648778.0,6501448.0,12100762.0,621597.0,82.2,0.5373,1.31,0.0956,1.51,Compliant,Current,Pass,0
L0150,Multifamily,Northeast,2019-07-21,2026-07-19,Fixed,5.74,15651887.0,14439531.0,30758531.0,1568555.0,89.2,0.4694,1.65,0.1086,1.89,Compliant,Current,Pass,0
L0151,Hospitality,Midwest,2024-04-05,2029-04-04,Fixed,8.62,8192977.0,8021665.0,8985986.0,508360.0,71.4,0.8927,0.64,0.0634,0.73,Compliant,90+ Days,High Risk,1
L0152,Multifamily,Northeast,2020-01-06,2025-01-04,Fixed,6.94,8341642.0,7741866.0,11679272.0,789547.0,98.4,0.6629,1.28,0.102,1.47,Compliant,Current,Pass,0
L0153,Office,Southeast,2019-04-24,2022-04-23,Floating,5.54,28974870.0,26646719.0,33259517.0,2702272.0,73.7,0.8012,1.59,0.1014,1.83,Compliant,Current,Watch,0
L0154,Retail,Southwest,2023-10-17,2028-10-15,Fixed,4.64,11485906.0,11181167.0,12070172.0,878971.0,80.8,0.9263,1.47,0.0786,1.69,Breached,Current,High Risk,0
L0155,Mixed-Use,Southeast,2024-04-23,2029-04-22,Fixed,5.78,18000317.0,17634590.0,29218988.0,2055029.0,88.8,0.6035,1.75,0.1165,2.02,Compliant,Current,Pass,0
L0156,Multifamily,Northeast,2023-07-31,2033-07-28,Floating,7.67,24704937.0,23986125.0,30295922.0,1947458.0,81.4,0.7917,0.92,0.0812,1.06,Compliant,Current,High Risk,0
L0157,Industrial,Northeast,2022-05-01,2025-04-30,Fixed,6.24,13607123.0,13007217.0,27524544.0,1459000.0,100.0,0.4726,1.56,0.1122,1.8,Compliant,Current,Pass,0
L0158,Industrial,West,2024-12-23,2034-12-21,Floating,4.6,3294072.0,3253569.0,4548391.0,316727.0,94.1,0.7153,1.84,0.0973,2.12,Compliant,Current,Pass,0
L0159,Multifamily,Midwest,2020-09-01,2025-08-31,Floating,6.44,9792969.0,9165790.0,9894195.0,823530.0,91.1,0.9264,1.21,0.0898,1.4,Compliant,Current,High Risk,0
L0160,Industrial,Midwest,2021-11-24,2028-11-22,Floating,6.6,9773752.0,9292080.0,14158941.0,889741.0,98.4,0.6563,1.26,0.0958,1.45,Compliant,Current,Pass,0
L0161,Multifamily,Southeast,2024-08-02,2031-08-01,Fixed,4.03,10996738.0,10809824.0,16606401.0,995619.0,95.9,0.6509,1.99,0.0921,2.29,Compliant,Current,Pass,0
L0162,Retail,Southwest,2020-06-18,2027-06-17,Floating,6.62,5697441.0,5318507.0,8456820.0,531789.0,87.1,0.6289,1.31,0.1,1.51,Compliant,Current,Pass,0
L0163,Retail,Midwest,2019-12-03,2024-12-01,Fixed,5.29,4539676.0,4208193.0,7176600.0,505217.0,94.0,0.5864,1.97,0.1201,2.27,Compliant,Current,Pass,0
L0164,Retail,West,2021-09-05,2024-09-04,Fixed,4.55,29959644.0,28404369.0,39361850.0,2598101.0,81.6,0.7216,1.75,0.0915,2.01,Compliant,Current,Pass,0
L0165,Office,Southeast,2020-03-16,2023-03-16,Fixed,7.64,14535037.0,13523399.0,17369873.0,1271303.0,83.7,0.7786,1.07,0.094,1.23,Compliant,Current,Watch,0
L0166,Industrial,Southeast,2021-12-24,2031-12-22,Floating,5.65,36450903.0,34690474.0,59234667.0,3832420.0,85.4,0.5856,1.7,0.1105,1.96,Compliant,Current,Pass,0
L0167,Multifamily,West,2022-07-22,2029-07-20,Fixed,5.6,6405756.0,6140610.0,10346657.0,650090.0,96.1,0.5935,1.64,0.1059,1.89,Compliant,Current,Pass,0
L0168,Office,Southwest,2021-12-17,2026-12-16,Fixed,5.59,25835636.0,24581936.0,28126710.0,1886207.0,75.4,0.874,1.19,0.0767,1.37,Compliant,Current,High Risk,0
L0169,Office,West,2024-09-20,2027-09-20,Fixed,6.2,20423262.0,20109023.0,20640566.0,1241388.0,67.5,0.9742,0.87,0.0617,1.0,Compliant,Current,High Risk,0
L0170,Retail,Southwest,2019-10-06,2024-10-04,Floating,8.19,4818050.0,4457053.0,6598505.0,532281.0,89.1,0.6755,1.27,0.1194,1.46,Compliant,Current,Pass,0
L0171,Industrial,West,2022-04-01,2029-03-30,Floating,5.52,7732473.0,7383939.0,10014782.0,725151.0,93.7,0.7373,1.55,0.0982,1.78,Compliant,Current,Pass,0
L0172,Office,West,2023-11-22,2028-11-20,Floating,6.32,17850834.0,17398352.0,20487890.0,1128938.0,65.7,0.8492,0.89,0.0649,1.03,Breached,Current,High Risk,0
L0173,Retail,Northeast,2021-03-02,2028-02-29,Fixed,6.31,5028780.0,4736808.0,5746156.0,334933.0,70.1,0.8243,0.97,0.0707,1.12,Compliant,Current,High Risk,0
L0174,Multifamily,Southeast,2024-07-19,2034-07-17,Fixed,5.42,10423150.0,10241188.0,16634524.0,1165881.0,90.8,0.6157,1.83,0.1138,2.1,Compliant,Current,Pass,0
L0175,Industrial,West,2023-08-12,2026-08-11,Floating,6.31,2723421.0,2645255.0,3939280.0,262552.0,100.0,0.6715,1.37,0.0993,1.57,Compliant,Current,Pass,0
L0176,Office,West,2020-06-15,2025-06-14,Fixed,6.74,26621138.0,24847951.0,37959403.0,2570710.0,80.6,0.6546,1.34,0.1035,1.54,Compliant,Current,Pass,0
L0177,Industrial,Midwest,2022-12-01,2027-11-30,Fixed,5.52,19639022.0,18911356.0,27942559.0,1767950.0,88.7,0.6768,1.47,0.0935,1.69,Compliant,Current,Pass,0
L0178,Multifamily,Southeast,2023-02-21,2028-02-20,Floating,6.3,15406765.0,14877448.0,19370746.0,1338452.0,100.0,0.768,1.24,0.09,1.43,Compliant,Current,Watch,0
L0179,Mixed-Use,Midwest,2019-03-14,2022-03-13,Floating,6.21,48637717.0,44664082.0,70693047.0,4487775.0,92.3,0.6318,1.41,0.1005,1.62,Compliant,Current,Pass,0
L0180,Office,Southeast,2021-10-25,2024-10-24,Floating,6.51,26193851.0,24877125.0,34446764.0,2413699.0,88.2,0.7222,1.3,0.097,1.49,Compliant,Current,Pass,0
L0181,Multifamily,Midwest,2023-05-31,2033-05-28,Floating,6.82,22498574.0,21798838.0,31473213.0,2264726.0,97.5,0.6926,1.32,0.1039,1.52,Compliant,Current,Pass,0
L0182,Office,West,2024-04-15,2029-04-14,Floating,7.13,35568888.0,34836851.0,39192127.0,3114232.0,85.1,0.8889,1.09,0.0894,1.25,Compliant,Current,High Risk,0
L0183,Mixed-Use,West,2021-04-09,2026-04-08,Fixed,7.94,3083299.0,2908133.0,4648059.0,280593.0,90.8,0.6257,1.06,0.0965,1.21,Compliant,Current,Watch,0
L0184,Hospitality,Northeast,2021-05-11,2031-05-09,Fixed,3.81,27772955.0,26224366.0,25604069.0,1661702.0,64.2,1.0242,1.45,0.0634,1.66,Compliant,Current,High Risk,0
L0185,Multifamily,Midwest,2020-10-16,2027-10-15,Floating,6.45,5608551.0,5257656.0,8613190.0,465363.0,78.9,0.6104,1.19,0.0885,1.37,Compliant,Current,Pass,0
L0186,Industrial,Southwest,2023-06-21,2026-06-20,Fixed,4.97,5223085.0,5064246.0,6517062.0,530726.0,89.8,0.7771,1.83,0.1048,2.11,Compliant,Current,Watch,0
L0187,Industrial,Northeast,2021-12-29,2026-12-28,Floating,6.25,5747413.0,5470781.0,10109701.0,477386.0,100.0,0.5411,1.21,0.0873,1.4,Compliant,Current,Pass,0
L0188,Retail,Midwest,2019-10-17,2024-10-15,Fixed,6.99,6735876.0,6233619.0,8783428.0,703955.0,84.0,0.7097,1.4,0.1129,1.61,Compliant,Current,Pass,0
L0189,Retail,Midwest,2024-07-11,2031-07-10,Fixed,7.28,11440898.0,11238159.0,7390654.0,486610.0,85.8,1.5206,0.52,0.0433,0.59,Compliant,90+ Days,High Risk,1
L0190,Multifamily,Northeast,2019-02-06,2026-02-04,Floating,7.72,15235086.0,13972369.0,19438938.0,1336735.0,82.7,0.7188,1.08,0.0957,1.24,Compliant,Current,Watch,0
L0191,Office,West,2024-06-24,2031-06-23,Floating,7.71,17875874.0,17549113.0,23197589.0,1473255.0,73.6,0.7565,0.95,0.084,1.09,Compliant,30-60 Days,High Risk,0
L0192,Hospitality,Midwest,2024-10-29,2029-10-28,Floating,6.44,32737406.0,32275674.0,32685315.0,2133694.0,67.9,0.9875,0.89,0.0661,1.03,Compliant,Current,High Risk,0
L0193,Hospitality,West,2020-11-26,2027-11-25,Fixed,7.46,33850709.0,31778489.0,25329237.0,1780462.0,71.9,1.2546,0.65,0.056,0.75,Compliant,30-60 Days,High Risk,0
L0194,Retail,Northeast,2020-09-17,2023-09-17,Floating,8.04,10205072.0,9556868.0,17516901.0,880578.0,83.3,0.5456,1.0,0.0921,1.15,Compliant,Current,High Risk,0
L0195,Multifamily,West,2021-11-07,2024-11-06,Fixed,6.32,4647963.0,4416303.0,7419847.0,438742.0,87.8,0.5952,1.37,0.0993,1.57,Compliant,Current,Pass,0
L0196,Multifamily,Southeast,2019-09-13,2024-09-11,Fixed,7.26,7990662.0,7385911.0,12065256.0,692479.0,98.7,0.6122,1.12,0.0938,1.29,Compliant,Current,Watch,0
L0197,Industrial,Southwest,2023-12-30,2026-12-29,Fixed,6.24,10145857.0,9901355.0,13140918.0,907073.0,96.6,0.7535,1.28,0.0916,1.47,Compliant,Current,Watch,0
L0198,Hospitality,Midwest,2022-09-04,2025-09-03,Fixed,7.47,32931892.0,31616420.0,43295396.0,2815902.0,71.6,0.7302,1.04,0.0891,1.19,Compliant,Current,Watch,0
L0199,Hospitality,Southwest,2024-11-20,2031-11-19,Fixed,6.05,10594380.0,10452618.0,12860189.0,907452.0,80.2,0.8128,1.25,0.0868,1.43,Breached,Current,Watch,0
L0200,Industrial,West,2019-10-13,2029-10-10,Floating,6.05,9937796.0,9195483.0,11076293.0,736385.0,90.0,0.8302,1.15,0.0801,1.32,Breached,Current,Watch,0
L0201,Industrial,Midwest,2024-10-16,2029-10-15,Floating,5.59,4226996.0,4165572.0,5932891.0,442162.0,93.6,0.7021,1.65,0.1061,1.9,Compliant,Current,Pass,0
L0202,Office,West,2020-01-04,2025-01-02,Floating,6.44,31646471.0,29368966.0,40700166.0,2374347.0,82.4,0.7216,1.09,0.0808,1.25,Compliant,Current,Watch,0
L0203,Office,Southeast,2021-06-18,2026-06-17,Fixed,6.28,20566484.0,19445413.0,20818049.0,1364069.0,71.0,0.9341,0.97,0.0701,1.12,Breached,Current,High Risk,0
L0204,Hospitality,Northeast,2023-02-28,2028-02-27,Floating,5.75,10492573.0,10134503.0,10549969.0,791082.0,69.8,0.9606,1.18,0.0781,1.36,Breached,Current,High Risk,0
L0205,Retail,Midwest,2023-02-01,2026-01-31,Floating,6.37,3801672.0,3668561.0,4826005.0,353186.0,87.2,0.7602,1.31,0.0963,1.51,Compliant,Current,Watch,0
L0206,Office,Southeast,2022-12-05,2032-12-02,Floating,6.13,22274873.0,21452473.0,42651028.0,2204342.0,100.0,0.503,1.46,0.1028,1.68,Compliant,Current,Pass,0
L0207,Office,Southeast,2019-09-27,2022-09-26,Fixed,5.23,38340668.0,35456609.0,52746224.0,2943767.0,78.8,0.6722,1.38,0.083,1.59,Compliant,Current,Pass,0
L0208,Industrial,Midwest,2022-07-15,2027-07-14,Fixed,7.13,5470406.0,5242717.0,8617797.0,553813.0,100.0,0.6084,1.29,0.1056,1.48,Compliant,Current,Pass,0
L0209,Office,West,2022-04-15,2025-04-14,Fixed,7.29,27743568.0,26505825.0,34835225.0,2190664.0,84.6,0.7609,0.99,0.0826,1.13,Compliant,90+ Days,High Risk,1
L0210,Office,Southeast,2021-09-28,2031-09-26,Fixed,7.13,13358341.0,12674980.0,17299563.0,1114285.0,68.7,0.7327,1.07,0.0879,1.23,Compliant,Current,Watch,0
L0211,Retail,Southwest,2020-12-17,2027-12-16,Fixed,6.12,12581133.0,11819647.0,10595904.0,764661.0,74.6,1.1155,0.92,0.0647,1.06,Compliant,Current,High Risk,0
L0212,Industrial,Southeast,2023-12-09,2033-12-06,Floating,6.58,14560903.0,14199953.0,20958381.0,1416880.0,96.0,0.6775,1.32,0.0998,1.52,Breached,Current,Pass,0
L0213,Industrial,West,2022-04-08,2029-04-06,Fixed,5.24,10891689.0,10403264.0,13286466.0,905197.0,100.0,0.783,1.44,0.087,1.66,Compliant,Current,Watch,0
L0214,Multifamily,West,2023-07-27,2028-07-25,Fixed,6.57,4375372.0,4247491.0,6914477.0,491173.0,94.3,0.6143,1.53,0.1156,1.76,Compliant,Current,Pass,0
L0215,Industrial,Southwest,2019-12-04,2022-12-03,Fixed,6.35,14544853.0,13483278.0,18685272.0,1395184.0,94.6,0.7216,1.42,0.1035,1.63,Compliant,Current,Pass,0
L0216,Multifamily,Southeast,2020-11-17,2027-11-16,Fixed,8.76,15815923.0,14843049.0,33740905.0,1265145.0,89.7,0.4399,0.85,0.0852,0.97,Breached,Current,High Risk,0
L0217,Multifamily,West,2023-03-15,2028-03-13,Fixed,7.18,15038943.0,14533140.0,22940611.0,1411315.0,81.4,0.6335,1.18,0.0971,1.35,Compliant,Current,Pass,0
L0218,Industrial,Midwest,2022-07-26,2027-07-25,Fixed,6.48,11136253.0,10676768.0,11898247.0,678834.0,86.3,0.8973,0.85,0.0636,0.98,Compliant,Current,High Risk,0
L0219,Industrial,Northeast,2020-12-12,2023-12-12,Fixed,6.16,6167246.0,5792953.0,7877211.0,545716.0,81.0,0.7354,1.33,0.0942,1.53,Compliant,Current,Pass,0
L0220,Hospitality,Northeast,2023-10-08,2026-10-07,Floating,7.5,39911798.0,38841069.0,47464064.0,2887764.0,59.2,0.8183,0.86,0.0743,0.99,Compliant,90+ Days,High Risk,1
L0221,Industrial,Northeast,2020-10-17,2025-10-16,Floating,5.78,16388206.0,15363427.0,24127120.0,1584736.0,89.8,0.6368,1.55,0.1031,1.79,Compliant,Current,Pass,0
L0222,Retail,Southeast,2022-08-03,2027-08-02,Fixed,7.23,4428049.0,4246511.0,5532032.0,402009.0,93.2,0.7676,1.14,0.0947,1.31,Compliant,Current,Watch,0
L0223,Office,Southwest,2024-02-24,2031-02-22,Fixed,5.22,37085795.0,36260357.0,40022998.0,2384295.0,74.4,0.906,1.1,0.0658,1.26,Compliant,Current,High Risk,0
L0224,Multifamily,West,2022-09-15,2025-09-14,Floating,6.09,12901258.0,12390580.0,21547917.0,1470976.0,94.0,0.575,1.69,0.1187,1.95,Compliant,Current,Pass,0
L0225,Multifamily,Midwest,2023-12-24,2028-12-22,Fixed,4.55,12883301.0,12570290.0,18054011.0,1425986.0,93.1,0.6963,2.17,0.1134,2.5,Compliant,Current,Pass,0
L0226,Multifamily,Midwest,2023-10-09,2026-10-08,Fixed,6.75,10890722.0,10598910.0,13747704.0,996496.0,96.0,0.771,1.21,0.094,1.39,Compliant,Current,Watch,0
L0227,Mixed-Use,Southeast,2023-05-18,2026-05-17,Floating,6.82,13412149.0,12989281.0,19416559.0,984963.0,76.7,0.669,0.97,0.0758,1.11,Compliant,Current,High Risk,0
L0228,Multifamily,Northeast,2021-08-17,2026-08-16,Fixed,5.69,25505681.0,24165689.0,50215186.0,3132136.0,100.0,0.4812,1.98,0.1296,2.28,Compliant,Current,Pass,0
L0229,Hospitality,Southeast,2023-08-21,2026-08-20,Floating,5.76,38831575.0,37728545.0,36498419.0,2489278.0,56.7,1.0337,1.0,0.066,1.14,Compliant,Current,High Risk,0
L0230,Retail,Southwest,2023-09-26,2026-09-25,Fixed,7.44,13956669.0,13576741.0,13010958.0,910442.0,83.4,1.0435,0.78,0.0671,0.9,Breached,Current,High Risk,0
L0231,Industrial,Southwest,2024-09-11,2029-09-10,Fixed,6.08,11068414.0,10894837.0,16898457.0,1060021.0,93.8,0.6447,1.39,0.0973,1.6,Compliant,Current,Pass,0
L0232,Retail,West,2022-03-03,2027-03-02,Fixed,5.51,13046058.0,12445582.0,20807888.0,1232699.0,93.1,0.5981,1.56,0.099,1.8,Compliant,Current,Pass,0
L0233,Retail,West,2019-09-26,2022-09-25,Floating,8.33,5055968.0,4675482.0,8212995.0,538853.0,98.0,0.5693,1.2,0.1153,1.38,Compliant,Current,Pass,0
L0234,Retail,Southwest,2024-08-15,2027-08-15,Fixed,5.61,11026872.0,10844158.0,19547520.0,1079376.0,93.1,0.5548,1.54,0.0995,1.77,Compliant,Current,Pass,0
L0235,Office,Southwest,2021-02-07,2024-02-07,Fixed,7.22,16542839.0,15569848.0,19199104.0,1437967.0,89.3,0.811,1.11,0.0924,1.28,Compliant,Current,Watch,0
L0236,Industrial,Southwest,2023-08-04,2026-08-03,Floating,5.56,3221002.0,3127707.0,3703423.0,303007.0,87.4,0.8445,1.51,0.0969,1.74,Compliant,90+ Days,Watch,1
L0237,Multifamily,Southeast,2019-09-03,2026-09-01,Fixed,5.88,5015588.0,4634349.0,7190848.0,492949.0,100.0,0.6445,1.57,0.1064,1.81,Compliant,Current,Pass,0
L0238,Office,Southwest,2019-01-28,2024-01-27,Fixed,6.65,12500060.0,11460329.0,26740776.0,1682210.0,86.1,0.4286,1.92,0.1468,2.21,Compliant,Current,Pass,0
L0239,Industrial,Midwest,2022-07-29,2027-07-28,Floating,6.55,12565058.0,12047860.0,13673441.0,1004562.0,74.8,0.8811,1.11,0.0834,1.27,Compliant,Current,High Risk,0
L0240,Office,Northeast,2021-05-01,2026-04-30,Fixed,6.42,12506242.0,11804796.0,13885133.0,998999.0,76.2,0.8502,1.15,0.0846,1.32,Compliant,Current,High Risk,0
L0241,Mixed-Use,Southwest,2024-11-13,2031-11-12,Floating,6.12,10114228.0,9976563.0,19273005.0,1204951.0,89.8,0.5176,1.72,0.1208,1.98,Compliant,Current,Pass,0
L0242,Mixed-Use,Northeast,2024-12-14,2034-12-12,Floating,5.16,21303062.0,21034819.0,22556639.0,1456469.0,80.9,0.9325,1.17,0.0692,1.34,Compliant,Current,High Risk,0
L0243,Hospitality,Southeast,2023-01-07,2030-01-05,Floating,7.92,16212552.0,15631566.0,16699208.0,993840.0,59.3,0.9361,0.7,0.0636,0.8,Compliant,Current,High Risk,0
L0244,Multifamily,Northeast,2020-12-20,2027-12-19,Fixed,5.77,24949421.0,23441793.0,34058888.0,2264309.0,100.0,0.6883,1.46,0.0966,1.67,Compliant,Current,Pass,0
L0245,Office,Southeast,2023-10-08,2028-10-06,Floating,6.86,34164593.0,33248046.0,45599928.0,3086667.0,78.9,0.7291,1.18,0.0928,1.35,Compliant,Current,Pass,0
L0246,Mixed-Use,Midwest,2021-10-25,2028-10-23,Fixed,6.83,14169504.0,13457224.0,20535584.0,1190629.0,86.1,0.6553,1.13,0.0885,1.3,Compliant,Current,Watch,0
L0247,Multifamily,Southeast,2021-12-21,2026-12-20,Floating,6.88,18161618.0,17282695.0,30428680.0,1683555.0,81.5,0.568,1.23,0.0974,1.42,Compliant,Current,Pass,0
L0248,Mixed-Use,Southeast,2024-06-01,2027-06-01,Fixed,5.56,19659085.0,19284862.0,33419897.0,1773456.0,80.1,0.577,1.44,0.092,1.65,Compliant,Current,Pass,0
L0249,Mixed-Use,West,2020-10-05,2023-10-05,Fixed,7.24,12230605.0,11460982.0,16156616.0,1110748.0,77.8,0.7094,1.16,0.0969,1.34,Compliant,Current,Pass,0
L0250,Hospitality,Southwest,2024-08-27,2029-08-26,Fixed,6.66,35337387.0,34765792.0,47096771.0,3056423.0,76.6,0.7382,1.15,0.0879,1.32,Compliant,Current,Watch,0
L0251,Multifamily,Southwest,2019-12-14,2029-12-11,Floating,6.78,20901121.0,19382497.0,31755000.0,2040190.0,96.0,0.6104,1.35,0.1053,1.55,Compliant,Current,Pass,0
L0252,Multifamily,Midwest,2022-12-04,2027-12-03,Floating,6.76,7106908.0,6844283.0,7548220.0,522191.0,87.4,0.9067,0.98,0.0763,1.13,Compliant,Current,High Risk,0
L0253,Hospitality,Midwest,2020-01-13,2027-01-11,Fixed,7.71,23938648.0,22222935.0,36641205.0,2084567.0,72.5,0.6065,1.06,0.0938,1.22,Compliant,Current,Watch,0
L0254,Multifamily,Southwest,2024-01-07,2029-01-05,Fixed,5.54,12978365.0,12669018.0,26601549.0,1472867.0,90.0,0.4763,1.82,0.1163,2.1,Compliant,Current,Pass,0
L0255,Office,West,2023-06-13,2028-06-11,Floating,6.97,28721974.0,27840957.0,31057977.0,2086156.0,79.9,0.8964,0.93,0.0749,1.07,Compliant,Current,High Risk,0
L0256,Retail,Southwest,2021-02-16,2024-02-16,Fixed,5.72,6267136.0,5900380.0,13066949.0,646055.0,88.8,0.4515,1.66,0.1095,1.91,Compliant,Current,Pass,0
L0257,Mixed-Use,West,2020-08-18,2023-08-18,Fixed,4.46,10077338.0,9427308.0,12424849.0,778655.0,88.4,0.7587,1.61,0.0826,1.85,Compliant,Current,Watch,0
L0258,Industrial,Midwest,2020-05-15,2027-05-14,Floating,4.83,10974067.0,10231919.0,13108597.0,1143044.0,96.4,0.7806,2.01,0.1117,2.31,Compliant,Current,Watch,0
L0259,Retail,Northeast,2024-06-14,2029-06-13,Fixed,5.29,15320459.0,15035372.0,29107889.0,1538735.0,90.4,0.5165,1.68,0.1023,1.94,Compliant,Current,Pass,0
L0260,Office,Midwest,2019-05-09,2024-05-07,Floating,6.01,9306512.0,8563317.0,13217047.0,807989.0,88.0,0.6479,1.37,0.0944,1.57,Breached,Current,Pass,0
L0261,Retail,Midwest,2023-08-03,2030-08-01,Fixed,8.16,4553054.0,4421028.0,9726809.0,446402.0,92.1,0.4545,1.08,0.101,1.24,Compliant,Current,Watch,0
L0262,Mixed-Use,Southeast,2021-04-24,2024-04-23,Fixed,6.83,10514756.0,9922588.0,16197936.0,1018793.0,82.3,0.6126,1.31,0.1027,1.5,Compliant,Current,Pass,0
L0263,Office,Southeast,2021-01-27,2031-01-25,Fixed,6.91,14908841.0,14026564.0,14388026.0,1189873.0,77.2,0.9749,1.07,0.0848,1.23,Compliant,Current,High Risk,0
L0264,Retail,Southeast,2021-05-01,2026-04-30,Floating,6.03,3029419.0,2859506.0,4022003.0,278332.0,96.8,0.711,1.4,0.0973,1.62,Compliant,Current,Pass,0
L0265,Hospitality,Southeast,2023-02-21,2028-02-20,Fixed,6.26,50151572.0,48428556.0,50337687.0,2993884.0,68.9,0.9621,0.86,0.0618,0.99,Breached,90+ Days,High Risk,1
L0266,Industrial,West,2019-07-24,2024-07-22,Floating,8.68,9308393.0,8588306.0,9923341.0,839839.0,91.0,0.8655,0.98,0.0978,1.13,Breached,30-60 Days,High Risk,0
L0267,Industrial,Southwest,2020-12-02,2023-12-02,Fixed,5.11,8572227.0,8049157.0,13509498.0,666273.0,89.0,0.5958,1.41,0.0828,1.62,Compliant,Current,Pass,0
L0268,Industrial,Northeast,2023-11-04,2026-11-03,Floating,7.01,24411046.0,23777830.0,33761723.0,2332445.0,96.2,0.7043,1.22,0.0981,1.4,Compliant,Current,Pass,0
L0269,Multifamily,Midwest,2019-08-13,2026-08-11,Fixed,7.65,17808806.0,16442846.0,22667192.0,1486610.0,85.2,0.7254,1.03,0.0904,1.18,Compliant,Current,Watch,0
L0270,Multifamily,West,2020-04-25,2030-04-23,Fixed,7.07,8939008.0,8328608.0,16668813.0,1046414.0,100.0,0.4997,1.55,0.1256,1.78,Compliant,Current,Pass,0
L0271,Industrial,Northeast,2022-11-16,2029-11-14,Floating,8.22,10947591.0,10536561.0,13774937.0,995430.0,85.7,0.7649,1.0,0.0945,1.15,Compliant,Current,High Risk,0
L0272,Industrial,West,2019-02-17,2022-02-16,Fixed,6.39,9773060.0,8966582.0,25745639.0,1399589.0,100.0,0.3483,2.12,0.1561,2.44,Compliant,Current,Pass,0
L0273,Hospitality,West,2020-01-02,2024-12-31,Fixed,6.74,48795370.0,45280499.0,35369301.0,2398520.0,65.7,1.2802,0.68,0.053,0.79,Compliant,90+ Days,High Risk,1
L0274,Hospitality,Midwest,2024-06-08,2027-06-08,Floating,6.7,20064642.0,19687316.0,19605983.0,1307149.0,59.4,1.0041,0.86,0.0664,0.99,Breached,30-60 Days,High Risk,0
L0275,Retail,Southwest,2020-10-17,2023-10-17,Fixed,6.68,3619402.0,3393075.0,5505240.0,314684.0,88.5,0.6163,1.21,0.0927,1.39,Compliant,Current,Pass,0
L0276,Retail,Southeast,2020-06-17,2027-06-16,Floating,5.78,2849001.0,2659421.0,2483568.0,205018.0,79.4,1.0708,1.16,0.0771,1.33,Compliant,Current,High Risk,0
L0277,Industrial,Southwest,2024-12-11,2029-12-10,Fixed,6.91,22509194.0,22223543.0,35015138.0,2218680.0,94.3,0.6347,1.26,0.0998,1.44,Compliant,Current,Pass,0
L0278,Industrial,Midwest,2024-08-01,2027-08-01,Floating,6.86,6480820.0,6370451.0,9397740.0,599126.0,89.4,0.6779,1.19,0.094,1.37,Compliant,Current,Pass,0
L0279,Industrial,Midwest,2019-08-19,2022-08-18,Fixed,6.26,14457329.0,13351284.0,31421086.0,1751754.0,100.0,0.4249,1.82,0.1312,2.1,Compliant,Current,Pass,0
L0280,Industrial,Midwest,2024-05-28,2034-05-26,Fixed,7.77,10402592.0,10203204.0,16562688.0,1052226.0,95.1,0.616,1.15,0.1031,1.33,Compliant,Current,Pass,0
L0281,Hospitality,Northeast,2023-03-05,2026-03-04,Floating,6.36,17494426.0,16900287.0,11255397.0,968108.0,58.5,1.5015,0.78,0.0573,0.9,Breached,Current,High Risk,0
L0282,Multifamily,Southwest,2020-11-05,2025-11-04,Floating,7.69,10401922.0,9757972.0,15912850.0,998143.0,87.2,0.6132,1.16,0.1023,1.33,Compliant,Current,Pass,0
L0283,Multifamily,Southwest,2019-05-06,2024-05-04,Fixed,7.38,28667512.0,26375367.0,40802131.0,2842616.0,97.6,0.6464,1.27,0.1078,1.46,Compliant,Current,Pass,0
L0284,Office,West,2022-05-28,2025-05-27,Fixed,6.97,8116807.0,7766161.0,8585821.0,631529.0,88.3,0.9045,1.01,0.0813,1.17,Compliant,Current,High Risk,0
L0285,Retail,West,2023-11-26,2026-11-25,Floating,5.73,6468157.0,6305053.0,8955933.0,567514.0,86.6,0.704,1.37,0.09,1.57,Compliant,Current,Pass,0
L0286,Office,West,2023-05-17,2028-05-15,Fixed,6.52,29635795.0,28700441.0,36511877.0,2238678.0,69.6,0.7861,1.04,0.078,1.2,Compliant,Current,Watch,0
L0287,Multifamily,Midwest,2021-01-25,2028-01-24,Floating,8.36,5924978.0,5573959.0,9076438.0,628547.0,100.0,0.6141,1.17,0.1128,1.35,Compliant,Current,Pass,0
L0288,Retail,Southwest,2021-11-01,2026-10-31,Floating,4.96,16509683.0,15683566.0,26756344.0,1681066.0,92.6,0.5862,1.88,0.1072,2.16,Compliant,Current,Pass,0
L0289,Multifamily,Midwest,2020-03-26,2027-03-25,Fixed,6.03,19602243.0,18244371.0,30693871.0,1903431.0,100.0,0.5944,1.5,0.1043,1.73,Compliant,Current,Pass,0
L0290,Retail,Northeast,2021-06-05,2031-06-03,Fixed,7.25,9289913.0,8779553.0,12398926.0,910813.0,89.3,0.7081,1.24,0.1037,1.43,Compliant,Current,Pass,0
L0291,Office,West,2024-10-21,2031-10-20,Floating,6.5,13648580.0,13452489.0,16719021.0,1076290.0,73.8,0.8046,1.07,0.08,1.23,Compliant,Current,Watch,0
L0292,Office,Midwest,2023-09-09,2028-09-07,Fixed,6.93,8281386.0,8051323.0,9579733.0,727285.0,82.1,0.8405,1.13,0.0903,1.3,Breached,Current,Watch,0
L0293,Industrial,Midwest,2023-06-22,2028-06-20,Fixed,7.47,14753205.0,14305031.0,23428981.0,1503500.0,96.6,0.6106,1.22,0.1051,1.41,Compliant,Current,Pass,0
L0294,Multifamily,Northeast,2022-12-19,2029-12-17,Floating,6.81,54416171.0,52432142.0,123176861.0,6546264.0,87.4,0.4257,1.59,0.1249,1.83,Compliant,Current,Pass,0
L0295,Office,Southeast,2020-12-27,2027-12-26,Fixed,6.66,19503865.0,18329786.0,55268242.0,1888397.0,79.6,0.3317,1.35,0.103,1.55,Breached,Current,Pass,0
L0296,Retail,Southwest,2024-09-24,2029-09-23,Floating,6.68,2930334.0,2885633.0,5654103.0,273979.0,85.4,0.5104,1.24,0.0949,1.42,Breached,Current,Pass,0
L0297,Industrial,Southeast,2022-01-15,2029-01-13,Fixed,6.47,12861253.0,12249410.0,23905726.0,1195438.0,99.9,0.5124,1.31,0.0976,1.51,Compliant,Current,Pass,0
L0298,Multifamily,West,2023-11-16,2026-11-15,Fixed,8.09,19260402.0,18768391.0,27584020.0,1859131.0,95.9,0.6804,1.06,0.0991,1.22,Compliant,Current,Watch,0
L0299,Retail,Midwest,2022-01-09,2027-01-08,Fixed,6.14,4828919.0,4598243.0,8717743.0,490443.0,78.6,0.5275,1.51,0.1067,1.74,Compliant,Current,Pass,0
L0300,Office,Northeast,2021-10-12,2026-10-11,Fixed,5.88,12620724.0,11980905.0,17745387.0,838165.0,68.8,0.6752,1.03,0.07,1.19,Compliant,Current,Watch,0
L0301,Office,Northeast,2019-07-04,2022-07-03,Fixed,7.14,11933072.0,11002097.0,14812962.0,945391.0,77.3,0.7427,1.05,0.0859,1.2,Compliant,Current,Watch,0
L0302,Retail,Southwest,2022-10-04,2025-10-03,Fixed,5.44,5972654.0,5739966.0,9589315.0,529940.0,87.3,0.5986,1.48,0.0923,1.7,Compliant,Current,Pass,0
L0303,Retail,Southeast,2023-03-12,2030-03-10,Floating,6.05,7277241.0,7031769.0,10824038.0,748676.0,93.1,0.6496,1.53,0.1065,1.76,Compliant,Current,Pass,0
L0304,Retail,Southwest,2023-06-22,2028-06-20,Fixed,5.65,4982571.0,4831210.0,6482170.0,446909.0,91.1,0.7453,1.42,0.0925,1.64,Compliant,Current,Pass,0
L0305,Industrial,Midwest,2021-07-10,2026-07-09,Fixed,5.97,5067635.0,4795066.0,7805017.0,545546.0,100.0,0.6144,1.66,0.1138,1.91,Compliant,Current,Pass,0
L0306,Mixed-Use,Southwest,2020-01-15,2025-01-13,Fixed,6.01,15409185.0,14305803.0,29469046.0,1236977.0,81.3,0.4855,1.25,0.0865,1.44,Compliant,Current,Pass,0
L0307,Retail,Northeast,2023-05-03,2028-05-01,Fixed,6.83,7235340.0,7003651.0,11423832.0,747218.0,82.8,0.6131,1.36,0.1067,1.56,Compliant,Current,Pass,0
L0308,Multifamily,Northeast,2024-12-08,2027-12-08,Fixed,5.89,9440167.0,9319436.0,11796242.0,753867.0,84.3,0.79,1.19,0.0809,1.37,Compliant,Current,Watch,0
L0309,Industrial,West,2019-06-14,2026-06-12,Fixed,6.87,10468172.0,9644600.0,23194266.0,1252611.0,100.0,0.4158,1.64,0.1299,1.89,Compliant,Current,Pass,0
L0310,Multifamily,West,2024-03-24,2031-03-23,Fixed,6.98,5200787.0,5089989.0,10079539.0,461271.0,92.2,0.505,1.13,0.0906,1.3,Compliant,Current,Watch,0
L0311,Multifamily,Midwest,2020-12-21,2027-12-20,Fixed,5.61,13869168.0,13031546.0,15412714.0,986750.0,77.2,0.8455,1.17,0.0757,1.35,Compliant,Current,Watch,0
L0312,Office,Southeast,2024-03-07,2031-03-06,Fixed,6.96,14321233.0,14008127.0,14446411.0,1077371.0,79.6,0.9697,0.96,0.0769,1.11,Compliant,Current,High Risk,0
L0313,Office,Southwest,2022-01-06,2027-01-05,Floating,7.44,20534183.0,19551243.0,31252554.0,1305237.0,80.1,0.6256,0.78,0.0668,0.9,Compliant,Current,High Risk,0
L0314,Mixed-Use,Midwest,2022-03-08,2025-03-07,Fixed,4.62,17441708.0,16641779.0,28374397.0,1631735.0,83.8,0.5865,1.85,0.0981,2.12,Compliant,Current,Pass,0
L0315,Industrial,West,2022-10-08,2027-10-07,Fixed,6.46,18628977.0,17905663.0,23746630.0,1571643.0,96.4,0.754,1.18,0.0878,1.36,Compliant,Current,Watch,0
L0316,Industrial,Southwest,2024-10-11,2027-10-11,Floating,6.14,10582588.0,10427068.0,11822671.0,888170.0,84.2,0.882,1.21,0.0852,1.39,Compliant,Current,High Risk,0
L0317,Multifamily,West,2019-09-30,2029-09-27,Fixed,7.37,21576441.0,19955547.0,40393581.0,2512023.0,100.0,0.494,1.48,0.1259,1.71,Compliant,Current,Pass,0
L0318,Office,Southwest,2019-04-10,2022-04-09,Floating,6.14,15079249.0,13860680.0,17199189.0,1416852.0,81.0,0.8059,1.45,0.1022,1.67,Compliant,Current,Watch,0
L0319,Office,Southeast,2023-04-25,2026-04-24,Fixed,4.99,15480391.0,14980608.0,16892540.0,825070.0,63.8,0.8868,0.96,0.0551,1.1,Compliant,Current,High Risk,0
L0320,Multifamily,Midwest,2024-07-10,2034-07-08,Fixed,6.17,11414633.0,11211984.0,24568633.0,1150980.0,92.0,0.4564,1.45,0.1027,1.66,Compliant,Current,Pass,0
L0321,Retail,Southwest,2021-09-30,2031-09-28,Fixed,5.39,12246133.0,11620473.0,18198680.0,1349604.0,90.3,0.6385,1.87,0.1161,2.15,Compliant,Current,Pass,0
L0322,Industrial,Northeast,2022-09-13,2029-09-11,Fixed,6.96,14148556.0,13587576.0,26205042.0,1149180.0,85.1,0.5185,1.06,0.0846,1.21,Compliant,Current,Watch,0
L0323,Industrial,Northeast,2023-12-29,2026-12-28,Floating,5.87,10771186.0,10511261.0,17250515.0,1192938.0,98.3,0.6093,1.68,0.1135,1.93,Compliant,Current,Pass,0
L0324,Multifamily,Southwest,2020-01-10,2023-01-09,Fixed,6.18,6108323.0,5669929.0,8606702.0,536621.0,100.0,0.6588,1.33,0.0946,1.53,Compliant,Current,Pass,0
L0325,Mixed-Use,Southwest,2019-04-02,2024-03-31,Floating,7.99,19613927.0,18023748.0,30496458.0,1734974.0,79.8,0.591,1.05,0.0963,1.2,Compliant,Current,Watch,0
L0326,Industrial,Southwest,2023-02-12,2026-02-11,Fixed,7.19,6226489.0,6010728.0,10610005.0,648908.0,97.4,0.5665,1.31,0.108,1.5,Compliant,Current,Pass,0
L0327,Retail,Northeast,2020-02-18,2023-02-17,Fixed,6.63,4834115.0,4493369.0,9224544.0,492575.0,88.7,0.4871,1.44,0.1096,1.65,Compliant,Current,Pass,0
L0328,Retail,Northeast,2021-04-08,2026-04-07,Fixed,6.09,4277098.0,4033971.0,7434150.0,461921.0,94.7,0.5426,1.64,0.1145,1.88,Compliant,Current,Pass,0
L0329,Multifamily,Southwest,2021-01-30,2031-01-28,Fixed,6.54,11463452.0,10786197.0,13579555.0,884800.0,91.1,0.7943,1.09,0.082,1.25,Compliant,Current,Watch,0
L0330,Multifamily,West,2024-01-01,2028-12-30,Fixed,6.82,23367707.0,22806113.0,34085713.0,2087886.0,83.5,0.6691,1.17,0.0915,1.34,Compliant,Current,Pass,0
L0331,Multifamily,West,2023-03-30,2030-03-28,Floating,5.71,7056565.0,6822712.0,14863330.0,887870.0,99.2,0.459,1.98,0.1301,2.28,Compliant,Current,Pass,0
L0332,Industrial,Southeast,2024-10-21,2031-10-20,Floating,7.37,25173752.0,24812078.0,23220951.0,1562474.0,85.9,1.0685,0.74,0.063,0.85,Breached,Current,High Risk,0
L0333,Office,Midwest,2021-07-10,2026-07-09,Fixed,5.21,29688726.0,28091879.0,41042655.0,3280792.0,92.5,0.6845,1.95,0.1168,2.24,Compliant,Current,Pass,0
L0334,Office,West,2022-08-26,2029-08-24,Floating,7.12,8043309.0,7719638.0,13673774.0,856035.0,82.5,0.5646,1.36,0.1109,1.56,Compliant,Current,Pass,0
L0335,Office,Northeast,2024-11-20,2027-11-20,Floating,5.6,14582839.0,14387708.0,12202621.0,883225.0,73.2,1.1791,0.95,0.0614,1.1,Compliant,Current,High Risk,0
L0336,Office,West,2022-02-02,2025-02-01,Floating,8.37,10157721.0,9680503.0,14878762.0,837740.0,86.9,0.6506,0.9,0.0865,1.03,Compliant,90+ Days,High Risk,1
L0337,Hospitality,Southeast,2020-11-07,2027-11-06,Fixed,6.89,31714309.0,29753061.0,45840828.0,2429255.0,67.9,0.6491,1.03,0.0816,1.19,Compliant,Current,Watch,0
L0338,Industrial,Southeast,2019-04-17,2022-04-16,Floating,5.2,5807181.0,5339234.0,7110305.0,491179.0,92.2,0.7509,1.54,0.092,1.77,Compliant,Current,Watch,0
L0339,Multifamily,Midwest,2023-12-30,2033-12-27,Fixed,6.2,4919913.0,4801350.0,8494484.0,534288.0,86.6,0.5652,1.56,0.1113,1.8,Compliant,Current,Pass,0
L0340,Office,West,2024-08-04,2027-08-04,Floating,6.13,15047661.0,14792882.0,15239917.0,1145516.0,63.0,0.9707,1.1,0.0774,1.26,Compliant,Current,High Risk,0
L0341,Retail,Northeast,2021-11-24,2026-11-23,Fixed,5.62,15219968.0,14469895.0,15303032.0,1177244.0,91.8,0.9456,1.26,0.0814,1.45,Compliant,Current,High Risk,0
L0342,Multifamily,Northeast,2020-11-20,2025-11-19,Fixed,6.33,10794349.0,10131428.0,11027864.0,800091.0,79.0,0.9187,1.08,0.079,1.25,Compliant,Current,High Risk,0
L0343,Office,Southwest,2021-01-03,2024-01-03,Floating,5.76,22410193.0,21066318.0,25864920.0,1871488.0,71.7,0.8145,1.34,0.0888,1.54,Compliant,Current,Watch,0
L0344,Multifamily,Northeast,2022-01-27,2025-01-26,Fixed,6.89,15262270.0,14542225.0,49441757.0,1689510.0,95.5,0.2941,1.47,0.1162,1.69,Compliant,Current,Pass,0
L0345,Multifamily,Midwest,2022-03-15,2029-03-13,Floating,7.23,5223434.0,4985074.0,9211010.0,635566.0,88.0,0.5412,1.53,0.1275,1.76,Compliant,Current,Pass,0
L0346,Retail,Midwest,2020-08-17,2027-08-16,Floating,6.92,4878246.0,4563419.0,5431715.0,395244.0,88.3,0.8401,1.09,0.0866,1.25,Compliant,Current,Watch,0
L0347,Retail,Northeast,2019-06-02,2026-05-31,Floating,6.58,8028493.0,7393692.0,14702450.0,787374.0,77.3,0.5029,1.41,0.1065,1.62,Compliant,Current,Pass,0
L0348,Office,Northeast,2021-03-14,2026-03-13,Fixed,6.79,13247734.0,12483793.0,13977175.0,909620.0,75.2,0.8932,0.93,0.0729,1.07,Compliant,Current,High Risk,0
L0349,Multifamily,Southwest,2024-10-25,2031-10-24,Floating,7.31,30641541.0,30205340.0,57836355.0,3216595.0,93.3,0.5223,1.27,0.1065,1.46,Compliant,Current,Pass,0
L0350,Retail,Northeast,2022-06-03,2029-06-01,Fixed,6.61,4070900.0,3895841.0,5153014.0,382599.0,79.4,0.756,1.29,0.0982,1.49,Compliant,Current,Watch,0
L0351,Retail,Southwest,2022-10-23,2029-10-21,Fixed,5.02,4851794.0,4665804.0,5169719.0,291552.0,100.0,0.9025,1.08,0.0625,1.24,Compliant,Current,High Risk,0
L0352,Hospitality,Southwest,2024-11-02,2029-11-01,Floating,5.89,25812059.0,25451398.0,33296701.0,1926688.0,62.9,0.7644,1.12,0.0757,1.29,Compliant,Current,Watch,0
L0353,Industrial,Northeast,2022-06-01,2029-05-30,Fixed,5.96,7079787.0,6774871.0,14639305.0,890414.0,100.0,0.4628,1.92,0.1314,2.21,Compliant,Current,Pass,0
L0354,Office,Southeast,2021-05-05,2028-05-03,Fixed,4.87,3668797.0,3463505.0,4006515.0,341534.0,76.7,0.8645,1.76,0.0986,2.02,Compliant,Current,High Risk,0
L0355,Office,Southeast,2021-10-05,2026-10-04,Floating,6.8,52166808.0,49510160.0,62623896.0,4636802.0,65.5,0.7906,1.2,0.0937,1.38,Breached,Current,Watch,0
L0356,Industrial,Southwest,2024-02-06,2031-02-04,Fixed,7.47,5538464.0,5411913.0,7065904.0,561834.0,84.9,0.7659,1.21,0.1038,1.39,Compliant,Current,Watch,0
L0357,Office,Northeast,2020-10-03,2025-10-02,Fixed,7.33,24504647.0,22961055.0,38748964.0,1886374.0,79.4,0.5926,0.98,0.0822,1.12,Compliant,Current,High Risk,0
L0358,Retail,Southeast,2024-01-30,2027-01-29,Floating,7.27,4015157.0,3922489.0,8823002.0,472704.0,95.3,0.4446,1.44,0.1205,1.66,Compliant,Current,Pass,0
L0359,Mixed-Use,Northeast,2020-07-17,2023-07-17,Fixed,6.85,8709271.0,8138325.0,10770455.0,829834.0,99.2,0.7556,1.29,0.102,1.49,Compliant,Current,Watch,0
L0360,Retail,Northeast,2021-05-15,2026-05-14,Floating,8.59,3276672.0,3094400.0,6233278.0,306419.0,88.0,0.4964,1.0,0.099,1.15,Compliant,Current,Watch,0
L0361,Multifamily,Northeast,2020-10-28,2025-10-27,Floating,7.36,7982489.0,7486219.0,13135797.0,774419.0,82.6,0.5699,1.22,0.1034,1.41,Compliant,Current,Pass,0
L0362,Industrial,West,2020-06-03,2027-06-02,Floating,7.43,7016258.0,6546150.0,9033701.0,754297.0,96.2,0.7246,1.35,0.1152,1.55,Compliant,Current,Pass,0
L0363,Multifamily,Northeast,2021-04-11,2024-04-10,Floating,5.3,11156201.0,10523141.0,21187097.0,1193444.0,85.4,0.4967,1.86,0.1134,2.14,Compliant,Current,Pass,0
L0364,Retail,West,2020-09-11,2027-09-10,Fixed,7.4,6517746.0,6102468.0,17201455.0,836180.0,90.1,0.3548,1.61,0.137,1.85,Compliant,Current,Pass,0
L0365,Mixed-Use,Southwest,2024-04-02,2034-03-31,Fixed,6.56,6335834.0,6202729.0,6597094.0,431630.0,77.5,0.9402,0.92,0.0696,1.06,Compliant,Current,High Risk,0
L0366,Multifamily,Southeast,2021-10-02,2024-10-01,Floating,6.53,8995835.0,8536826.0,13836526.0,677745.0,75.3,0.617,1.06,0.0794,1.22,Compliant,Current,Watch,0
L0367,Mixed-Use,Southeast,2019-07-19,2029-07-16,Floating,6.31,31028719.0,28623271.0,42729448.0,3253217.0,95.5,0.6699,1.57,0.1137,1.8,Compliant,Current,Pass,0
L0368,Hospitality,Southeast,2022-08-16,2032-08-13,Fixed,5.71,45679849.0,43826624.0,52059507.0,2964595.0,66.2,0.8419,1.03,0.0676,1.19,Compliant,Current,Watch,0
L0369,Office,Southeast,2022-03-24,2029-03-22,Fixed,7.33,23126974.0,22078466.0,34150523.0,1883157.0,78.4,0.6465,1.01,0.0853,1.16,Compliant,Current,Watch,0
L0370,Office,Southeast,2019-10-09,2026-10-07,Fixed,6.17,25921593.0,23981948.0,39827924.0,2599347.0,86.0,0.6021,1.53,0.1084,1.76,Compliant,Current,Pass,0
L0371,Office,Southeast,2023-05-10,2033-05-07,Fixed,5.74,55914531.0,54136909.0,97188630.0,5963500.0,93.0,0.557,1.67,0.1102,1.92,Compliant,Current,Pass,0
L0372,Office,Southeast,2020-01-29,2027-01-27,Floating,5.91,24644604.0,22891259.0,33358193.0,2244044.0,83.8,0.6862,1.44,0.098,1.66,Compliant,Current,Pass,0
L0373,Office,Southwest,2023-02-11,2028-02-10,Fixed,6.35,25653402.0,24763615.0,31107879.0,2168018.0,78.8,0.7961,1.2,0.0875,1.38,Compliant,Current,Watch,0
L0374,Industrial,Northeast,2023-08-27,2030-08-25,Floating,6.28,4229418.0,4110114.0,6662157.0,420012.0,97.7,0.6169,1.42,0.1022,1.63,Compliant,Current,Pass,0
L0375,Office,Midwest,2023-08-31,2030-08-29,Floating,6.07,9761294.0,9487229.0,17064856.0,930836.0,75.6,0.556,1.41,0.0981,1.62,Breached,Current,Pass,0
L0376,Multifamily,West,2023-12-09,2028-12-07,Fixed,4.96,11786172.0,11494004.0,19748886.0,1413518.0,92.3,0.582,2.16,0.123,2.48,Compliant,Current,Pass,0
L0377,Hospitality,Midwest,2024-03-13,2029-03-12,Floating,7.46,14110924.0,13805200.0,19976908.0,1173829.0,69.2,0.6911,0.99,0.085,1.14,Compliant,Current,High Risk,0
L0378,Office,Midwest,2021-03-11,2028-03-09,Fixed,6.08,10396782.0,9796218.0,11442566.0,654265.0,71.7,0.8561,0.96,0.0668,1.1,Compliant,Current,High Risk,0
L0379,Industrial,Northeast,2020-04-20,2023-04-20,Fixed,5.22,6154802.0,5733510.0,8837394.0,585777.0,94.2,0.6488,1.7,0.1022,1.96,Compliant,Current,Pass,0
L0380,Multifamily,Northeast,2023-03-25,2033-03-22,Floating,6.36,5484592.0,5301933.0,11802997.0,562319.0,94.9,0.4492,1.45,0.1061,1.67,Compliant,Current,Pass,0
L0381,Office,Northeast,2019-11-16,2024-11-14,Floating,7.09,11647718.0,10790701.0,12690691.0,869539.0,82.1,0.8503,0.99,0.0806,1.14,Compliant,30-60 Days,High Risk,0
L0382,Industrial,Southeast,2023-06-14,2026-06-13,Floating,6.63,12052531.0,11683228.0,18690309.0,1247800.0,97.5,0.6251,1.4,0.1068,1.61,Compliant,Current,Pass,0
L0383,Retail,Southwest,2023-10-15,2028-10-13,Fixed,6.37,21486390.0,20914911.0,22991396.0,1726571.0,76.3,0.9097,1.13,0.0826,1.3,Compliant,Current,High Risk,0
L0384,Hospitality,Southeast,2024-01-05,2027-01-04,Fixed,6.24,34102908.0,33287802.0,53205448.0,3218742.0,77.8,0.6256,1.35,0.0967,1.55,Compliant,Current,Pass,0
L0385,Industrial,Southwest,2019-01-23,2026-01-21,Floating,5.45,14189051.0,13006500.0,17989257.0,1383796.0,100.0,0.723,1.7,0.1064,1.95,Compliant,Current,Pass,0
L0386,Industrial,Southwest,2021-09-08,2031-09-06,Fixed,7.05,4094488.0,3882338.0,6699888.0,467430.0,93.2,0.5795,1.48,0.1204,1.71,Compliant,Current,Pass,0
L0387,Multifamily,Midwest,2022-12-22,2029-12-20,Fixed,4.66,12813763.0,12347834.0,17153498.0,1110842.0,95.6,0.7198,1.68,0.09,1.93,Compliant,Current,Pass,0
L0388,Office,Midwest,2019-06-01,2022-05-31,Fixed,6.62,17349155.0,15976813.0,15083108.0,1227015.0,76.3,1.0593,1.01,0.0768,1.16,Compliant,90+ Days,High Risk,1
L0389,Industrial,Southwest,2023-02-22,2026-02-21,Floating,7.15,11734024.0,11331274.0,17694435.0,1165301.0,100.0,0.6404,1.25,0.1028,1.44,Compliant,Current,Pass,0
L0390,Industrial,Southwest,2020-07-04,2027-07-03,Fixed,6.0,8200597.0,7659493.0,12570870.0,758460.0,87.5,0.6093,1.43,0.099,1.65,Compliant,Current,Pass,0
L0391,Mixed-Use,Southeast,2020-09-12,2030-09-10,Floating,6.92,34924882.0,32700789.0,34770998.0,2298869.0,95.7,0.9405,0.88,0.0703,1.02,Compliant,Current,High Risk,0
L0392,Multifamily,Southeast,2021-04-14,2026-04-13,Floating,6.35,12353423.0,11653644.0,22432335.0,1349289.0,97.6,0.5195,1.59,0.1158,1.82,Compliant,Current,Pass,0
L0393,Multifamily,Midwest,2019-02-23,2024-02-22,Fixed,6.53,13033585.0,11960618.0,24359862.0,1665309.0,97.8,0.491,1.85,0.1392,2.13,Compliant,Current,Pass,0
L0394,Industrial,Northeast,2024-10-31,2029-10-30,Fixed,7.09,3398190.0,3350485.0,4725542.0,363329.0,93.2,0.709,1.33,0.1084,1.53,Compliant,Current,Pass,0
L0395,Multifamily,Southwest,2021-10-27,2031-10-25,Fixed,5.49,11316197.0,10748093.0,14323703.0,930009.0,80.7,0.7504,1.37,0.0865,1.58,Compliant,Current,Watch,0
L0396,Mixed-Use,Southeast,2021-08-22,2028-08-20,Floating,7.21,26341614.0,24962035.0,32699668.0,2152006.0,92.1,0.7634,1.04,0.0862,1.2,Compliant,Current,Watch,0
L0397,Hospitality,Midwest,2024-04-21,2029-04-20,Fixed,7.72,29862665.0,29253958.0,18336278.0,1323521.0,57.0,1.5954,0.51,0.0452,0.59,Breached,Current,High Risk,0
L0398,Multifamily,Southeast,2024-08-20,2029-08-19,Fixed,6.44,3666845.0,3606689.0,3860676.0,292196.0,99.2,0.9342,1.09,0.081,1.26,Compliant,Current,High Risk,0
L0399,Industrial,Southwest,2022-08-11,2032-08-08,Fixed,5.75,7808898.0,7490808.0,11598134.0,706631.0,87.8,0.6459,1.43,0.0943,1.64,Compliant,Current,Pass,0
L0400,Industrial,Southwest,2022-10-03,2025-10-02,Floating,8.64,25922979.0,24912196.0,43261573.0,2879102.0,81.3,0.5759,1.16,0.1156,1.34,Compliant,Current,Pass,0
L0401,Office,West,2019-02-27,2024-02-26,Fixed,6.28,16568766.0,15206950.0,11497450.0,830350.0,78.0,1.3226,0.76,0.0546,0.87,Compliant,90+ Days,High Risk,1
L0402,Hospitality,Northeast,2022-10-02,2027-10-01,Floating,6.81,26268519.0,25243399.0,34578513.0,2350287.0,77.5,0.73,1.19,0.0931,1.37,Compliant,Current,Pass,0
L0403,Retail,West,2022-05-04,2025-05-03,Floating,6.83,19489905.0,18632563.0,30373452.0,1465252.0,79.3,0.6134,1.0,0.0786,1.15,Compliant,30-60 Days,Watch,0
L0404,Industrial,Midwest,2020-02-20,2023-02-19,Fixed,6.6,9184776.0,8537966.0,12433956.0,918180.0,100.0,0.6867,1.42,0.1075,1.63,Compliant,Current,Pass,0
L0405,Multifamily,Southeast,2024-09-03,2031-09-02,Floating,6.3,18540788.0,18245152.0,23523089.0,1639699.0,97.3,0.7756,1.24,0.0899,1.43,Compliant,Current,Watch,0
L0406,Hospitality,Midwest,2020-07-09,2030-07-07,Fixed,6.37,27586049.0,25770358.0,22945391.0,1614106.0,69.3,1.1231,0.85,0.0626,0.98,Compliant,Current,High Risk,0
L0407,Multifamily,Southwest,2021-04-08,2028-04-06,Floating,7.46,16924098.0,15962067.0,29503425.0,1601170.0,88.5,0.541,1.17,0.1003,1.35,Compliant,Current,Pass,0
L0408,Office,West,2022-03-31,2032-03-28,Floating,6.26,22174442.0,21174223.0,27324316.0,1813556.0,75.1,0.7749,1.19,0.0856,1.37,Compliant,Current,Watch,0
L0409,Hospitality,West,2022-06-22,2027-06-21,Floating,6.22,16278513.0,15588661.0,18428055.0,1337694.0,71.4,0.8459,1.2,0.0858,1.38,Compliant,Current,Watch,0
L0410,Office,West,2023-03-29,2030-03-27,Fixed,5.94,14070538.0,13603782.0,16659989.0,950865.0,84.8,0.8166,1.02,0.0699,1.18,Compliant,Current,Watch,0
L0411,Multifamily,Midwest,2019-06-10,2024-06-08,Fixed,5.21,7499900.0,6908867.0,13008265.0,772887.0,87.3,0.5311,1.87,0.1119,2.15,Compliant,Current,Pass,0
L0412,Mixed-Use,Southwest,2019-05-05,2026-05-03,Fixed,5.59,5681512.0,5227053.0,7262182.0,528282.0,78.5,0.7198,1.57,0.1011,1.81,Compliant,Current,Pass,0
L0413,Mixed-Use,Southeast,2024-05-05,2034-05-03,Fixed,5.55,27758685.0,27205641.0,43643897.0,2574819.0,83.3,0.6234,1.48,0.0946,1.71,Compliant,Current,Pass,0
L0414,Retail,Southeast,2020-07-27,2023-07-27,Fixed,6.2,8044488.0,7519767.0,12343763.0,779181.0,98.1,0.6092,1.45,0.1036,1.67,Compliant,Current,Pass,0
L0415,Retail,Midwest,2022-10-22,2027-10-21,Fixed,6.95,15428704.0,14836749.0,23467242.0,1306854.0,77.3,0.6322,1.1,0.0881,1.27,Compliant,Current,Watch,0
L0416,Multifamily,West,2022-05-14,2027-05-13,Fixed,7.51,28385022.0,27145724.0,35784368.0,2912112.0,100.0,0.7586,1.24,0.1073,1.43,Compliant,Current,Watch,0
L0417,Multifamily,Northeast,2024-10-25,2027-10-25,Fixed,6.25,12357785.0,12181865.0,19572572.0,1363926.0,92.3,0.6224,1.56,0.112,1.79,Compliant,Current,Pass,0
L0418,Multifamily,Midwest,2021-11-06,2024-11-05,Floating,7.01,5826915.0,5536303.0,7284464.0,456746.0,78.8,0.76,1.02,0.0825,1.18,Compliant,Current,Watch,0
L0419,Industrial,Midwest,2024-06-20,2031-06-19,Fixed,6.42,8977142.0,8811865.0,14165666.0,864369.0,90.3,0.6221,1.33,0.0981,1.53,Compliant,Current,Pass,0
L0420,Industrial,Southwest,2019-01-06,2029-01-03,Fixed,4.32,6913362.0,6333322.0,10001214.0,539513.0,98.9,0.6333,1.72,0.0852,1.97,Compliant,Current,Pass,0
L0421,Industrial,Southeast,2022-12-18,2027-12-17,Fixed,5.17,3365250.0,3242442.0,5761094.0,368762.0,100.0,0.5628,1.91,0.1137,2.2,Compliant,Current,Pass,0
L0422,Industrial,Midwest,2020-05-19,2023-05-19,Fixed,6.89,7588502.0,7076309.0,8357102.0,593233.0,83.4,0.8467,1.06,0.0838,1.22,Compliant,Current,Watch,0
L0423,Office,Midwest,2024-03-31,2027-03-31,Floating,7.37,17305533.0,16940837.0,18735701.0,1081269.0,55.4,0.9042,0.75,0.0638,0.87,Breached,Current,High Risk,0
L0424,Retail,West,2024-11-02,2034-10-31,Fixed,6.95,5615963.0,5537494.0,7612836.0,502066.0,76.5,0.7274,1.13,0.0907,1.3,Compliant,Current,Watch,0
L0425,Office,West,2019-10-07,2024-10-05,Floating,6.44,11775510.0,10893605.0,15924628.0,982447.0,87.0,0.6841,1.22,0.0902,1.4,Compliant,Current,Pass,0
L0426,Retail,Northeast,2019-04-04,2024-04-02,Floating,4.8,3962190.0,3641220.0,3921320.0,303593.0,72.7,0.9286,1.51,0.0834,1.74,Compliant,Current,High Risk,0
L0427,Multifamily,Southwest,2020-02-25,2025-02-23,Floating,5.67,13365327.0,12426312.0,24267742.0,1438342.0,100.0,0.5121,1.77,0.1157,2.04,Compliant,Current,Pass,0
L0428,Hospitality,Northeast,2021-05-08,2026-05-07,Floating,5.81,61506358.0,58070765.0,73382105.0,5283101.0,77.7,0.7913,1.36,0.091,1.57,Compliant,Current,Watch,0
L0429,Multifamily,West,2019-12-22,2024-12-20,Floating,7.17,24243530.0,22488432.0,34166391.0,2649474.0,93.5,0.6582,1.43,0.1178,1.64,Compliant,Current,Pass,0
L0430,Office,Southeast,2023-06-15,2033-06-12,Floating,6.28,25786898.0,24997607.0,35099358.0,2162325.0,73.0,0.7122,1.2,0.0865,1.38,Compliant,Current,Pass,0
L0431,Office,West,2020-09-13,2025-09-12,Floating,8.12,26097689.0,24436589.0,34049670.0,2032861.0,78.4,0.7177,0.89,0.0832,1.02,Compliant,Current,High Risk,0
L0432,Industrial,Southwest,2023-04-21,2030-04-19,Fixed,7.52,9296438.0,8995081.0,16174790.0,1185682.0,98.9,0.5561,1.52,0.1318,1.75,Compliant,Current,Pass,0
L0433,Retail,West,2019-06-17,2024-06-15,Floating,8.11,2965244.0,2732249.0,6384057.0,312621.0,90.7,0.428,1.23,0.1144,1.41,Compliant,Current,Pass,0
L0434,Office,Southwest,2021-09-19,2028-09-17,Fixed,5.38,14690255.0,13934411.0,24717189.0,1702405.0,91.9,0.5638,1.98,0.1222,2.27,Compliant,Current,Pass,0
L0435,Office,Southwest,2024-02-23,2031-02-21,Floating,7.04,10562067.0,10326635.0,17387285.0,883658.0,75.9,0.5939,1.06,0.0856,1.22,Compliant,Current,Watch,0
L0436,Industrial,Southwest,2019-02-18,2022-02-17,Fixed,5.77,10888077.0,9989945.0,13303400.0,1011081.0,83.6,0.7509,1.53,0.1012,1.75,Compliant,Current,Watch,0
L0437,Office,Southwest,2021-08-14,2026-08-13,Fixed,6.5,35468318.0,33601421.0,38632491.0,2423460.0,66.2,0.8698,0.97,0.0721,1.11,Compliant,90+ Days,High Risk,1
L0438,Industrial,Southwest,2024-08-18,2029-08-17,Fixed,5.47,29605506.0,29117867.0,36553916.0,2346140.0,80.6,0.7966,1.28,0.0806,1.47,Breached,Current,Watch,0
L0439,Industrial,Southeast,2022-03-09,2029-03-07,Fixed,7.3,10361807.0,9886924.0,20257139.0,1184673.0,95.6,0.4881,1.43,0.1198,1.64,Compliant,Current,Pass,0
L0440,Office,Northeast,2019-02-06,2024-02-05,Fixed,5.49,7195356.0,6598989.0,11759748.0,596873.0,76.1,0.5612,1.43,0.0904,1.65,Compliant,Current,Pass,0
L0441,Office,Midwest,2023-03-12,2033-03-09,Fixed,4.45,18631312.0,18002849.0,19664692.0,1502240.0,78.3,0.9155,1.63,0.0834,1.88,Compliant,Current,High Risk,0
L0442,Mixed-Use,Northeast,2024-10-07,2027-10-07,Fixed,8.03,14709275.0,14491174.0,16771895.0,1064353.0,80.7,0.864,0.8,0.0734,0.91,Compliant,Current,High Risk,0
L0443,Multifamily,Southwest,2019-03-11,2026-03-09,Fixed,6.6,17431358.0,16005521.0,19805183.0,1859289.0,83.1,0.8081,1.53,0.1162,1.76,Compliant,Current,Watch,0
L0444,Multifamily,Southeast,2021-06-03,2028-06-01,Floating,5.64,11873976.0,11220875.0,21274933.0,1227742.0,96.9,0.5274,1.69,0.1094,1.94,Compliant,Current,Pass,0
L0445,Industrial,West,2020-05-07,2027-05-06,Fixed,6.05,10372625.0,9668423.0,11276950.0,667367.0,74.3,0.8574,0.99,0.069,1.14,Compliant,Current,High Risk,0
L0446,Mixed-Use,Southeast,2023-08-26,2028-08-24,Fixed,5.68,9889009.0,9609732.0,14501569.0,825499.0,78.6,0.6627,1.31,0.0859,1.51,Compliant,Current,Pass,0
L0447,Mixed-Use,Southwest,2020-06-29,2025-06-28,Floating,6.61,11793060.0,11012973.0,17314553.0,1097995.0,91.3,0.6361,1.31,0.0997,1.51,Compliant,Current,Pass,0
L0448,Industrial,Southeast,2019-09-08,2026-09-06,Fixed,6.92,13261471.0,12255634.0,14736418.0,1166785.0,86.8,0.8317,1.2,0.0952,1.38,Compliant,90+ Days,Watch,1
L0449,Multifamily,Southeast,2022-01-29,2025-01-28,Fixed,6.78,3975858.0,3788546.0,5801539.0,429843.0,95.1,0.653,1.45,0.1135,1.67,Compliant,Current,Pass,0
L0450,Office,Southwest,2021-02-07,2024-02-07,Floating,6.83,15117652.0,14228485.0,21456204.0,1104115.0,71.6,0.6631,0.99,0.0776,1.14,Compliant,Current,High Risk,0
L0451,Industrial,Southeast,2023-05-16,2028-05-14,Floating,6.6,14598665.0,14137427.0,17465649.0,1324544.0,90.4,0.8094,1.23,0.0937,1.42,Compliant,Current,Watch,0
L0452,Retail,Midwest,2023-10-10,2028-10-08,Fixed,7.17,19724124.0,19196274.0,31854259.0,2266275.0,91.6,0.6026,1.43,0.1181,1.65,Compliant,Current,Pass,0
L0453,Multifamily,Midwest,2023-09-05,2028-09-03,Fixed,4.47,9639041.0,9369993.0,8971025.0,621984.0,81.8,1.0445,1.29,0.0664,1.49,Compliant,Current,High Risk,0
L0454,Hospitality,Southeast,2023-03-28,2028-03-26,Floating,5.93,42224298.0,40822220.0,55319201.0,3255083.0,74.0,0.7379,1.17,0.0797,1.35,Compliant,Current,Pass,0
L0455,Office,West,2020-07-17,2025-07-16,Floating,5.72,45598958.0,42609666.0,71416059.0,4250027.0,78.4,0.5966,1.52,0.0997,1.74,Compliant,Current,Pass,0
L0456,Retail,Southwest,2023-03-12,2030-03-10,Fixed,7.11,6471974.0,6253665.0,10849303.0,718588.0,97.1,0.5764,1.41,0.1149,1.62,Compliant,Current,Pass,0
L0457,Office,Midwest,2022-12-06,2029-12-04,Floating,5.93,13241516.0,12753068.0,21143044.0,1269038.0,79.7,0.6032,1.46,0.0995,1.68,Compliant,Current,Pass,0
L0458,Multifamily,West,2024-03-19,2031-03-18,Fixed,5.04,10856519.0,10623445.0,15959567.0,1225913.0,83.4,0.6656,1.99,0.1154,2.29,Compliant,Current,Pass,0
L0459,Office,Southeast,2023-01-12,2033-01-09,Fixed,6.69,17206690.0,16592906.0,34570058.0,2061634.0,91.8,0.48,1.61,0.1242,1.86,Compliant,Current,Pass,0
L0460,Office,West,2023-04-05,2028-04-03,Fixed,5.38,32796579.0,31716179.0,42457763.0,2015857.0,70.1,0.747,1.03,0.0636,1.18,Compliant,Current,Watch,0
L0461,Office,Northeast,2023-08-22,2026-08-21,Floating,6.28,11761399.0,11427698.0,13593104.0,724334.0,76.2,0.8407,0.88,0.0634,1.01,Compliant,Current,High Risk,0
L0462,Industrial,Midwest,2023-04-09,2026-04-08,Fixed,8.34,23301578.0,22537031.0,47548974.0,2560908.0,100.0,0.474,1.18,0.1136,1.36,Compliant,Current,Pass,0
L0463,Industrial,Southeast,2020-06-03,2025-06-02,Floating,7.31,6437681.0,6006339.0,6873555.0,430490.0,79.0,0.8738,0.85,0.0717,0.98,Compliant,30-60 Days,High Risk,0
L0464,Retail,Southwest,2019-06-12,2029-06-09,Fixed,6.01,3990864.0,3676625.0,4469570.0,299214.0,98.5,0.8226,1.18,0.0814,1.35,Compliant,Current,Watch,0
L0465,Mixed-Use,Southeast,2024-09-09,2029-09-08,Fixed,6.09,18674049.0,18379971.0,23719743.0,1553268.0,75.8,0.7749,1.21,0.0845,1.39,Compliant,Current,Watch,0
L0466,Multifamily,Southwest,2023-02-28,2028-02-27,Fixed,7.02,23611051.0,22805300.0,34245845.0,2368038.0,88.4,0.6659,1.29,0.1038,1.48,Compliant,Current,Pass,0
L0467,Multifamily,Southeast,2020-04-01,2025-03-31,Floating,7.2,13239002.0,12324531.0,26008276.0,1631486.0,94.3,0.4739,1.6,0.1324,1.84,Compliant,Current,Pass,0
L0468,Hospitality,West,2021-07-24,2026-07-23,Fixed,6.27,27947811.0,26457465.0,34952235.0,2203663.0,67.7,0.757,1.16,0.0833,1.33,Compliant,Current,Watch,0
L0469,Multifamily,West,2024-08-08,2031-08-07,Fixed,6.29,35155115.0,34564509.0,57253682.0,4624193.0,98.3,0.6037,1.85,0.1338,2.13,Compliant,Current,Pass,0
L0470,Mixed-Use,West,2019-01-28,2022-01-27,Floating,5.27,27760561.0,25451491.0,29153309.0,2211227.0,72.2,0.873,1.43,0.0869,1.65,Compliant,Current,High Risk,0
L0471,Office,Northeast,2023-11-17,2033-11-14,Fixed,4.68,18308780.0,17841681.0,19655019.0,1349803.0,83.8,0.9077,1.41,0.0757,1.62,Compliant,Current,High Risk,0
L0472,Mixed-Use,Southwest,2020-05-20,2025-05-19,Floating,6.44,11044433.0,10299343.0,16179924.0,1185180.0,91.5,0.6366,1.55,0.1151,1.79,Compliant,Current,Pass,0
L0473,Office,West,2020-10-22,2023-10-22,Fixed,5.63,32873082.0,30822882.0,74351200.0,3543880.0,86.2,0.4146,1.78,0.115,2.04,Compliant,Current,Pass,0
L0474,Hospitality,Northeast,2024-08-18,2034-08-16,Floating,7.13,34714192.0,34142407.0,36939825.0,2127629.0,55.3,0.9243,0.76,0.0623,0.87,Breached,Current,High Risk,0
L0475,Retail,Southwest,2024-12-14,2027-12-14,Fixed,6.38,10070987.0,9944175.0,15719284.0,960608.0,75.2,0.6326,1.32,0.0966,1.51,Breached,Current,Pass,0
L0476,Mixed-Use,Southeast,2019-08-22,2029-08-19,Floating,5.9,11695449.0,10801853.0,17198324.0,992397.0,82.3,0.6281,1.35,0.0919,1.56,Compliant,Current,Pass,0
L0477,Office,Northeast,2022-04-06,2032-04-03,Fixed,6.35,17259409.0,16484296.0,25663470.0,1311105.0,67.1,0.6423,1.09,0.0795,1.25,Compliant,Current,Watch,0
L0478,Retail,Midwest,2023-10-11,2030-10-09,Fixed,5.82,7376548.0,7179382.0,7967888.0,548070.0,72.6,0.901,1.14,0.0763,1.31,Compliant,Current,High Risk,0
L0479,Mixed-Use,Northeast,2019-09-02,2026-08-31,Fixed,8.06,11803009.0,10905463.0,17557778.0,1360231.0,81.9,0.6211,1.35,0.1247,1.55,Compliant,Current,Pass,0
L0480,Retail,Northeast,2022-06-01,2027-05-31,Fixed,6.55,5747759.0,5500212.0,9259805.0,600820.0,88.9,0.594,1.45,0.1092,1.67,Compliant,Current,Pass,0
L0481,Retail,Southwest,2021-03-26,2031-03-24,Fixed,4.8,9256267.0,8726149.0,11532094.0,816860.0,100.0,0.7567,1.7,0.0936,1.95,Compliant,Current,Watch,0
L0482,Industrial,Southeast,2020-11-01,2025-10-31,Floating,8.24,7008416.0,6573625.0,14170398.0,915651.0,98.4,0.4639,1.47,0.1393,1.69,Compliant,Current,Pass,0
L0483,Multifamily,Midwest,2024-08-14,2031-08-13,Fixed,5.63,13229712.0,13010062.0,20378833.0,1243623.0,100.0,0.6384,1.48,0.0956,1.7,Compliant,Current,Pass,0
L0484,Retail,West,2019-09-30,2029-09-27,Floating,5.72,2520636.0,2331278.0,3135871.0,229774.0,86.6,0.7434,1.5,0.0986,1.72,Compliant,Current,Pass,0
L0485,Retail,West,2024-10-01,2034-09-29,Floating,8.53,5751788.0,5665369.0,11303222.0,589421.0,91.5,0.5012,1.06,0.104,1.22,Compliant,Current,Watch,0
L0486,Hospitality,Northeast,2024-05-08,2031-05-07,Floating,6.91,40250544.0,39452591.0,63164806.0,3046399.0,66.8,0.6246,0.97,0.0772,1.12,Compliant,Current,High Risk,0
L0487,Office,Southwest,2024-06-11,2029-06-10,Fixed,6.83,10969686.0,10764478.0,23545550.0,1224823.0,99.5,0.4572,1.45,0.1138,1.67,Compliant,Current,Pass,0
L0488,Multifamily,Southwest,2021-01-06,2031-01-04,Fixed,6.86,16619268.0,15624297.0,17409249.0,1265344.0,86.5,0.8975,1.03,0.081,1.18,Compliant,Current,High Risk,0
L0489,Mixed-Use,West,2024-05-02,2031-05-01,Floating,6.41,8931204.0,8752385.0,12289128.0,808439.0,80.6,0.7122,1.25,0.0924,1.44,Compliant,Current,Pass,0
L0490,Hospitality,Midwest,2022-09-23,2032-09-20,Floating,6.08,33707642.0,32382239.0,44541556.0,3046145.0,74.4,0.727,1.34,0.0941,1.55,Compliant,Current,Pass,0
L0491,Multifamily,Southeast,2024-03-13,2031-03-12,Fixed,5.83,10190916.0,9970122.0,14429147.0,1155664.0,93.7,0.691,1.73,0.1159,1.99,Compliant,Current,Pass,0
L0492,Retail,Midwest,2022-08-30,2027-08-29,Fixed,7.65,6647800.0,6381159.0,8711882.0,475058.0,83.6,0.7325,0.85,0.0744,0.97,Compliant,Current,High Risk,0
L0493,Multifamily,Southeast,2019-05-09,2024-05-07,Fixed,6.38,12364135.0,11376766.0,15466033.0,1172906.0,99.7,0.7356,1.4,0.1031,1.62,Compliant,Current,Pass,0
L0494,Office,West,2024-10-23,2029-10-22,Floating,7.78,8597633.0,8474675.0,9710519.0,596547.0,77.7,0.8727,0.79,0.0704,0.9,Compliant,Current,High Risk,0
L0495,Multifamily,Southeast,2021-06-19,2028-06-17,Fixed,6.13,20482208.0,19366405.0,34395149.0,2065936.0,91.6,0.5631,1.51,0.1067,1.74,Compliant,Current,Pass,0
L0496,Multifamily,Southwest,2021-04-24,2026-04-23,Fixed,5.52,24576607.0,23192506.0,28675948.0,1884898.0,93.8,0.8088,1.28,0.0813,1.47,Compliant,30-60 Days,Watch,0
L0497,Retail,Northeast,2024-03-03,2029-03-02,Floating,5.3,6562845.0,6418499.0,6301692.0,423093.0,73.1,1.0185,1.08,0.0659,1.24,Compliant,90+ Days,High Risk,1
L0498,Office,Northeast,2022-03-08,2027-03-07,Fixed,6.78,24015130.0,22913724.0,23596951.0,1489088.0,65.3,0.971,0.83,0.065,0.96,Breached,30-60 Days,High Risk,0
L0499,Mixed-Use,West,2021-05-05,2028-05-03,Fixed,7.72,21487217.0,20284875.0,22290254.0,1571303.0,93.7,0.91,0.87,0.0775,1.0,Compliant,90+ Days,High Risk,1
L0500,Mixed-Use,Southwest,2022-10-08,2027-10-07,Floating,5.8,13314660.0,12797686.0,16850368.0,1108201.0,79.6,0.7595,1.3,0.0866,1.49,Compliant,Current,Watch,0
L0501,Industrial,Midwest,2021-12-02,2024-12-01,Floating,7.06,5436031.0,5169561.0,5867060.0,370834.0,92.9,0.8811,0.88,0.0717,1.02,Breached,Current,High Risk,0
L0502,Retail,Southwest,2022-10-04,2025-10-03,Fixed,4.96,19224523.0,18475557.0,35203958.0,2156364.0,99.9,0.5248,2.05,0.1167,2.35,Compliant,Current,Pass,0
L0503,Multifamily,Northeast,2024-06-23,2027-06-23,Fixed,5.7,9669917.0,9492838.0,13022556.0,874401.0,91.3,0.729,1.41,0.0921,1.62,Compliant,Current,Pass,0
L0504,Industrial,Northeast,2020-02-21,2025-02-19,Fixed,6.44,7153208.0,6649701.0,11964146.0,631588.0,92.3,0.5558,1.28,0.095,1.47,Compliant,Current,Pass,0
L0505,Industrial,Southwest,2023-07-23,2026-07-22,Fixed,4.64,24628903.0,23905825.0,43662143.0,2415819.0,100.0,0.5475,1.89,0.1011,2.18,Compliant,Current,Pass,0
L0506,Office,Southwest,2024-04-26,2027-04-26,Floating,6.58,25176325.0,24667281.0,31101175.0,1918723.0,73.2,0.7931,1.03,0.0778,1.18,Compliant,Current,Watch,0
L0507,Hospitality,Northeast,2020-02-09,2030-02-06,Fixed,5.45,25346205.0,23552110.0,32055425.0,2240798.0,77.6,0.7347,1.52,0.0951,1.75,Compliant,90+ Days,Pass,1
L0508,Industrial,Midwest,2019-06-16,2029-06-13,Fixed,6.74,5863031.0,5402149.0,8678239.0,731451.0,100.0,0.6225,1.75,0.1354,2.01,Compliant,Current,Pass,0
L0509,Mixed-Use,West,2021-02-28,2026-02-27,Fixed,6.05,21771452.0,20505964.0,41024459.0,2607764.0,99.6,0.4998,1.83,0.1272,2.1,Compliant,Current,Pass,0
L0510,Industrial,West,2021-10-22,2031-10-20,Fixed,7.05,49189015.0,46711506.0,122911714.0,6026597.0,88.5,0.38,1.59,0.129,1.83,Compliant,Current,Pass,0
L0511,Retail,Southwest,2019-05-01,2022-04-30,Fixed,5.95,12984038.0,11943750.0,25290118.0,1463989.0,97.9,0.4723,1.79,0.1226,2.06,Compliant,Current,Pass,0
L0512,Multifamily,West,2022-01-01,2028-12-30,Floating,5.37,15764417.0,15007207.0,22955192.0,1628212.0,96.4,0.6538,1.76,0.1085,2.02,Compliant,Current,Pass,0
L0513,Mixed-Use,Northeast,2019-12-12,2026-12-10,Fixed,4.86,20814677.0,19300965.0,27010601.0,1519818.0,74.4,0.7146,1.41,0.0787,1.62,Compliant,Current,Pass,0
L0514,Hospitality,Northeast,2023-08-16,2028-08-14,Floating,4.88,18367431.0,17842676.0,16070612.0,855733.0,47.2,1.1103,0.85,0.048,0.98,Breached,Current,High Risk,0
L0515,Office,Southwest,2020-07-25,2025-07-24,Floating,7.17,14949291.0,13973204.0,17080254.0,1210700.0,71.6,0.8181,1.05,0.0866,1.21,Compliant,Current,Watch,0
L0516,Office,Southwest,2021-03-16,2026-03-15,Fixed,8.5,14844460.0,13989419.0,15515552.0,1073427.0,80.3,0.9016,0.78,0.0767,0.9,Compliant,Current,High Risk,0
L0517,Multifamily,Southwest,2021-08-28,2026-08-27,Fixed,6.59,8746767.0,8290402.0,17503591.0,905761.0,95.5,0.4736,1.44,0.1093,1.66,Compliant,Current,Pass,0
L0518,Industrial,Midwest,2023-01-15,2030-01-13,Fixed,7.7,8237858.0,7944816.0,14168185.0,806808.0,93.5,0.5608,1.15,0.1016,1.32,Compliant,Current,Watch,0
L0519,Mixed-Use,West,2024-01-29,2027-01-28,Fixed,7.22,11503466.0,11237594.0,12014835.0,915555.0,84.6,0.9353,0.98,0.0815,1.13,Compliant,Current,High Risk,0
L0520,Office,Southwest,2023-03-15,2026-03-14,Fixed,5.73,15733548.0,15204384.0,14873230.0,1080921.0,77.0,1.0223,1.08,0.0711,1.24,Compliant,90+ Days,High Risk,1
L0521,Retail,Southeast,2022-05-16,2025-05-15,Fixed,7.34,6885850.0,6585665.0,17281281.0,937054.0,95.2,0.3811,1.69,0.1423,1.94,Compliant,Current,Pass,0
L0522,Multifamily,Southeast,2023-10-31,2028-10-29,Fixed,5.77,13716002.0,13358409.0,19706065.0,928156.0,80.5,0.6779,1.05,0.0695,1.2,Compliant,Current,Watch,0
L0523,Mixed-Use,Northeast,2022-07-18,2027-07-17,Floating,6.19,14620044.0,14012972.0,19651488.0,1324838.0,87.1,0.7131,1.33,0.0945,1.53,Breached,Current,Pass,0
L0524,Hospitality,West,2024-08-16,2027-08-16,Fixed,6.01,24121216.0,23722324.0,29312962.0,1827235.0,61.4,0.8093,1.11,0.077,1.28,Breached,Current,Watch,0
L0525,Industrial,Southwest,2023-07-10,2033-07-07,Floating,6.45,23100373.0,22412298.0,33962671.0,2263126.0,86.7,0.6599,1.36,0.101,1.56,Compliant,Current,Pass,0
L0526,Multifamily,Southeast,2019-03-30,2024-03-28,Fixed,6.8,12517285.0,11501224.0,17329519.0,1225404.0,100.0,0.6637,1.36,0.1065,1.57,Compliant,Current,Pass,0
L0527,Multifamily,West,2021-07-26,2024-07-25,Floating,6.0,40483590.0,38327422.0,52617141.0,2967269.0,84.1,0.7284,1.12,0.0774,1.29,Compliant,Current,Watch,0
L0528,Multifamily,Northeast,2023-12-15,2030-12-13,Fixed,7.0,14568853.0,14210579.0,23171956.0,1416054.0,90.9,0.6133,1.24,0.0996,1.42,Compliant,Current,Pass,0
L0529,Office,Midwest,2024-06-22,2027-06-22,Fixed,6.99,14074702.0,13816498.0,15152332.0,862296.0,93.7,0.9118,0.78,0.0624,0.89,Compliant,Current,High Risk,0
L0530,Hospitality,West,2019-10-25,2026-10-23,Floating,6.91,46215407.0,42781539.0,64879295.0,3713099.0,74.7,0.6594,1.09,0.0868,1.26,Compliant,Current,Watch,0
L0531,Industrial,West,2023-01-01,2029-12-30,Fixed,7.95,9572028.0,9227120.0,13023099.0,912696.0,90.4,0.7085,1.08,0.0989,1.24,Compliant,Current,Watch,0
L0532,Mixed-Use,Midwest,2019-01-30,2022-01-29,Fixed,7.36,3752908.0,3440995.0,5620476.0,372619.0,82.0,0.6122,1.28,0.1083,1.47,Compliant,Current,Pass,0
L0533,Mixed-Use,West,2023-02-17,2026-02-16,Floating,7.56,13969210.0,13487444.0,18114463.0,922633.0,75.2,0.7446,0.79,0.0684,0.9,Compliant,Current,High Risk,0
L0534,Retail,Northeast,2024-10-12,2029-10-11,Fixed,6.26,6975436.0,6873155.0,9513313.0,680449.0,97.4,0.7225,1.38,0.099,1.58,Compliant,Current,Pass,0
L0535,Industrial,Northeast,2023-07-20,2026-07-19,Fixed,6.52,24195972.0,23483218.0,43640638.0,2699146.0,100.0,0.5381,1.53,0.1149,1.76,Compliant,Current,Pass,0
L0536,Mixed-Use,Midwest,2019-07-29,2022-07-28,Floating,7.07,8545422.0,7885762.0,11618062.0,835809.0,90.5,0.6788,1.3,0.106,1.5,Compliant,Current,Pass,0
L0537,Hospitality,Southwest,2024-05-26,2029-05-25,Floating,6.61,18321630.0,17969252.0,20698342.0,1156362.0,74.4,0.8681,0.85,0.0644,0.97,Compliant,Current,High Risk,0
L0538,Multifamily,Southeast,2023-04-08,2028-04-06,Floating,6.26,24097505.0,23306050.0,34767251.0,1970219.0,85.8,0.6703,1.17,0.0845,1.35,Compliant,Current,Pass,0
L0539,Multifamily,Southwest,2020-02-28,2025-02-26,Fixed,4.03,14907007.0,13861147.0,22231501.0,1495411.0,79.6,0.6235,2.33,0.1079,2.67,Compliant,Current,Pass,0
L0540,Office,West,2019-11-15,2026-11-13,Floating,7.25,16380154.0,15174396.0,26685439.0,1471218.0,82.5,0.5686,1.16,0.097,1.34,Compliant,Current,Pass,0
L0541,Mixed-Use,Southeast,2024-12-30,2029-12-29,Fixed,7.14,9234904.0,9123478.0,10888509.0,680816.0,92.1,0.8379,0.91,0.0746,1.05,Compliant,Current,High Risk,0
L0542,Retail,Midwest,2020-04-20,2023-04-20,Floating,5.55,9707528.0,9043055.0,21183992.0,1146252.0,99.9,0.4269,1.98,0.1268,2.28,Compliant,Current,Pass,0
L0543,Multifamily,Midwest,2024-06-10,2027-06-10,Floating,7.14,11808162.0,11586881.0,14065114.0,864690.0,90.4,0.8238,0.91,0.0746,1.04,Compliant,90+ Days,High Risk,1
L0544,Industrial,Southeast,2019-12-04,2029-12-01,Floating,6.07,6555334.0,6076884.0,9277490.0,600377.0,91.2,0.655,1.42,0.0988,1.63,Compliant,Current,Pass,0
L0545,Retail,Northeast,2024-11-23,2029-11-22,Floating,6.27,5396367.0,5324691.0,7997063.0,520907.0,85.1,0.6658,1.36,0.0978,1.56,Compliant,Current,Pass,0
L0546,Multifamily,Southeast,2019-03-28,2029-03-25,Fixed,7.38,7667165.0,7044298.0,14902722.0,919755.0,97.4,0.4727,1.54,0.1306,1.77,Compliant,Current,Pass,0
L0547,Office,West,2023-03-30,2028-03-28,Floating,5.71,10427705.0,10082133.0,8122572.0,552336.0,75.7,1.2412,0.83,0.0548,0.96,Compliant,90+ Days,High Risk,1
L0548,Industrial,Northeast,2020-10-24,2027-10-23,Floating,5.71,16714952.0,15673588.0,27278583.0,1809394.0,93.6,0.5746,1.76,0.1154,2.02,Compliant,Current,Pass,0
L0549,Retail,Midwest,2019-10-13,2024-10-11,Fixed,7.82,12417514.0,11489977.0,21361821.0,1371337.0,93.6,0.5379,1.33,0.1194,1.53,Compliant,Current,Pass,0
L0550,Industrial,Southeast,2019-02-19,2024-02-18,Floating,6.47,16730042.0,15350570.0,24237349.0,1438907.0,89.0,0.6333,1.26,0.0937,1.45,Compliant,Current,Pass,0
L0551,Retail,Southwest,2022-07-19,2027-07-18,Fixed,7.32,8019823.0,7687077.0,11218502.0,837060.0,98.1,0.6852,1.29,0.1089,1.49,Compliant,Current,Pass,0
L0552,Hospitality,Southwest,2022-01-12,2027-01-11,Floating,5.16,19251647.0,18333897.0,12164800.0,833004.0,73.1,1.5071,0.77,0.0454,0.88,Breached,90+ Days,High Risk,1
L0553,Retail,West,2021-07-02,2024-07-01,Floating,5.23,7071208.0,6689014.0,5843730.0,325350.0,72.1,1.1446,0.81,0.0486,0.93,Compliant,Current,High Risk,0
L0554,Retail,Southwest,2023-03-03,2028-03-01,Floating,5.78,14027889.0,13550556.0,19961008.0,1414037.0,82.9,0.6789,1.57,0.1044,1.81,Compliant,Current,Pass,0
L0555,Hospitality,Southeast,2020-11-18,2027-11-17,Fixed,5.77,8084601.0,7587564.0,5569618.0,405911.0,51.8,1.3623,0.81,0.0535,0.93,Breached,90+ Days,High Risk,1
L0556,Multifamily,Southeast,2023-01-14,2033-01-11,Fixed,4.94,9042533.0,8720569.0,12698886.0,816106.0,90.4,0.6867,1.65,0.0936,1.9,Compliant,Current,Pass,0
L0557,Office,Southwest,2022-01-26,2027-01-25,Fixed,6.53,11048909.0,10527279.0,13681559.0,887444.0,74.0,0.7695,1.12,0.0843,1.29,Compliant,Current,Watch,0
L0558,Office,Southeast,2019-08-26,2024-08-24,Floating,6.99,38027512.0,35127003.0,68955636.0,3204380.0,84.7,0.5094,1.13,0.0912,1.3,Compliant,Current,Watch,0
L0559,Industrial,West,2021-10-30,2024-10-29,Fixed,5.39,7690482.0,7305157.0,11428995.0,656128.0,87.0,0.6392,1.45,0.0898,1.67,Compliant,Current,Pass,0
L0560,Retail,Northeast,2024-04-27,2031-04-26,Fixed,5.46,3253228.0,3187557.0,4478695.0,325123.0,90.1,0.7117,1.62,0.102,1.87,Compliant,Current,Pass,0
L0561,Industrial,West,2019-10-28,2024-10-26,Floating,5.98,11307521.0,10468472.0,15875683.0,920097.0,98.6,0.6594,1.28,0.0879,1.47,Compliant,Current,Pass,0
L0562,Multifamily,West,2019-12-06,2029-12-03,Fixed,5.15,9789828.0,9075948.0,17731773.0,1127057.0,94.1,0.5118,2.1,0.1242,2.41,Compliant,Current,Pass,0
L0563,Office,Southeast,2020-11-20,2025-11-19,Floating,3.99,13250840.0,12437056.0,20468431.0,1172277.0,87.1,0.6076,2.05,0.0943,2.36,Compliant,Current,Pass,0
L0564,Office,Northeast,2021-08-16,2026-08-15,Floating,6.52,12520336.0,11862143.0,15867827.0,1064372.0,94.5,0.7476,1.2,0.0897,1.38,Compliant,Current,Pass,0
L0565,Multifamily,Southeast,2024-11-19,2031-11-18,Floating,6.21,8167722.0,8058162.0,9729750.0,666913.0,92.9,0.8282,1.16,0.0828,1.33,Compliant,Current,Watch,0
L0566,Retail,Midwest,2023-05-30,2030-05-28,Fixed,5.9,11812399.0,11444629.0,16371272.0,1126086.0,90.2,0.6991,1.45,0.0984,1.67,Compliant,Current,Pass,0
L0567,Multifamily,Southeast,2021-06-23,2026-06-22,Fixed,5.29,13571740.0,12834181.0,21146673.0,1157691.0,85.0,0.6069,1.48,0.0902,1.71,Compliant,Current,Pass,0
L0568,Multifamily,Southeast,2024-05-27,2029-05-26,Fixed,6.93,10762044.0,10555413.0,11185701.0,737812.0,83.8,0.9437,0.88,0.0699,1.01,Compliant,Current,High Risk,0
L0569,Hospitality,Southeast,2019-09-25,2029-09-22,Fixed,8.38,12025280.0,11119924.0,11115620.0,880236.0,76.3,1.0004,0.82,0.0792,0.94,Compliant,30-60 Days,High Risk,0
L0570,Multifamily,Northeast,2022-04-17,2025-04-16,Fixed,5.45,10935510.0,10448356.0,14044384.0,1007494.0,99.2,0.744,1.54,0.0964,1.77,Compliant,Current,Pass,0
L0571,Retail,Southeast,2020-01-16,2030-01-13,Fixed,7.46,9233026.0,8572195.0,13688182.0,901230.0,78.8,0.6262,1.23,0.1051,1.41,Compliant,Current,Pass,0
L0572,Industrial,Northeast,2022-08-28,2025-08-27,Floating,6.93,11785206.0,11311732.0,22111053.0,1052956.0,83.5,0.5116,1.17,0.0931,1.34,Compliant,Current,Pass,0
L0573,Multifamily,Southwest,2022-10-21,2029-10-19,Floating,6.63,13110233.0,12606800.0,23311246.0,1462916.0,86.8,0.5408,1.52,0.116,1.75,Compliant,Current,Pass,0
L0574,Retail,Midwest,2023-08-31,2030-08-29,Fixed,5.89,4816346.0,4681119.0,4888782.0,390209.0,85.9,0.9575,1.23,0.0834,1.42,Compliant,Current,High Risk,0
L0575,Hospitality,Northeast,2020-02-17,2025-02-15,Floating,6.53,5866718.0,5452994.0,4971398.0,382139.0,64.7,1.0969,0.93,0.0701,1.07,Breached,Current,High Risk,0
L0576,Mixed-Use,Southwest,2020-11-30,2030-11-28,Floating,7.63,37669383.0,35368352.0,52076636.0,3601243.0,86.3,0.6792,1.16,0.1018,1.33,Compliant,Current,Pass,0
L0577,Office,Northeast,2020-05-02,2023-05-02,Floating,5.58,8758910.0,8162824.0,14567224.0,852562.0,85.3,0.5604,1.63,0.1044,1.87,Compliant,Current,Pass,0
L0578,Mixed-Use,Northeast,2024-11-09,2027-11-09,Floating,6.35,4750883.0,4685594.0,7454200.0,488030.0,88.7,0.6286,1.43,0.1042,1.64,Compliant,Current,Pass,0
L0579,Retail,Midwest,2023-04-27,2028-04-25,Fixed,7.32,8595382.0,8318446.0,9997064.0,719402.0,91.3,0.8321,1.03,0.0865,1.18,Compliant,Current,Watch,0
L0580,Multifamily,West,2022-01-15,2027-01-14,Fixed,7.09,4689010.0,4465942.0,4255481.0,312628.0,72.4,1.0495,0.86,0.07,0.99,Compliant,Current,High Risk,0
L0581,Multifamily,West,2019-12-11,2026-12-09,Fixed,5.19,7708066.0,7147257.0,8959884.0,607602.0,79.1,0.7977,1.42,0.085,1.64,Compliant,Current,Watch,0
L0582,Mixed-Use,Northeast,2022-05-23,2025-05-22,Fixed,6.04,18933353.0,18112320.0,26051549.0,1893827.0,78.6,0.6952,1.51,0.1046,1.73,Compliant,Current,Pass,0
L0583,Retail,Southeast,2020-07-17,2023-07-17,Floating,7.26,21208871.0,19818499.0,24259615.0,1564060.0,81.9,0.8169,0.95,0.0789,1.09,Compliant,Current,High Risk,0
L0584,Multifamily,Southwest,2023-03-24,2026-03-23,Floating,7.2,14850568.0,14355495.0,22215869.0,1423456.0,98.7,0.6462,1.2,0.0992,1.38,Compliant,Current,Pass,0
L0585,Retail,Southeast,2023-12-04,2026-12-03,Fixed,7.08,6283354.0,6126563.0,9571350.0,582606.0,80.0,0.6401,1.17,0.0951,1.34,Compliant,Current,Pass,0
L0586,Multifamily,Southeast,2021-04-13,2026-04-12,Fixed,6.55,11665385.0,11004197.0,18997495.0,1307423.0,97.3,0.5792,1.58,0.1188,1.82,Compliant,Current,Pass,0
L0587,Office,Northeast,2023-12-28,2030-12-26,Floating,7.1,6656871.0,6496011.0,7311481.0,541072.0,71.7,0.8885,1.02,0.0833,1.17,Compliant,Current,High Risk,0
L0588,Office,Northeast,2022-08-28,2032-08-25,Fixed,6.51,14047692.0,13483321.0,14296846.0,1020452.0,68.4,0.9431,1.01,0.0757,1.16,Compliant,Current,High Risk,0
L0589,Office,Northeast,2022-11-03,2029-11-01,Fixed,7.62,14055192.0,13521480.0,15922309.0,860404.0,68.8,0.8492,0.73,0.0636,0.83,Compliant,90+ Days,High Risk,1
L0590,Office,Northeast,2023-03-16,2026-03-15,Floating,6.22,19583797.0,18925781.0,32657332.0,1780469.0,96.1,0.5795,1.32,0.0941,1.51,Compliant,Current,Pass,0
L0591,Office,West,2021-03-11,2026-03-10,Fixed,6.24,52382682.0,49356829.0,60962922.0,4568120.0,71.5,0.8096,1.29,0.0926,1.48,Compliant,Current,Watch,0
L0592,Industrial,Northeast,2023-12-15,2026-12-14,Fixed,5.29,3446460.0,3361706.0,6006620.0,399976.0,99.5,0.5597,1.96,0.119,2.25,Compliant,Current,Pass,0
L0593,Office,West,2019-03-25,2024-03-23,Fixed,5.11,14384469.0,13214479.0,11966426.0,801043.0,65.5,1.1043,1.03,0.0606,1.19,Breached,30-60 Days,High Risk,0
L0594,Multifamily,West,2024-05-08,2029-05-07,Floating,6.89,4377494.0,4290712.0,7742625.0,516728.0,100.0,0.5542,1.52,0.1204,1.75,Compliant,Current,Pass,0
L0595,Hospitality,Northeast,2024-06-21,2027-06-21,Fixed,5.55,16679697.0,16373156.0,18221365.0,1471644.0,70.8,0.8986,1.41,0.0899,1.62,Compliant,Current,High Risk,0
L0596,Multifamily,Midwest,2019-03-26,2022-03-25,Fixed,6.15,7458658.0,6852238.0,12189287.0,743345.0,94.2,0.5622,1.53,0.1085,1.76,Compliant,Current,Pass,0
L0597,Industrial,Southwest,2021-11-06,2031-11-04,Fixed,7.66,4395998.0,4176752.0,6349381.0,476519.0,97.3,0.6578,1.3,0.1141,1.49,Compliant,Current,Pass,0
L0598,Office,Southeast,2019-06-27,2024-06-25,Fixed,7.6,29742362.0,27415124.0,43779503.0,2937713.0,82.2,0.6262,1.23,0.1072,1.41,Compliant,Current,Pass,0
L0599,Office,West,2024-07-30,2029-07-29,Fixed,8.2,20717484.0,20363300.0,32709106.0,1654930.0,84.5,0.6226,0.86,0.0813,0.99,Compliant,Current,High Risk,0
L0600,Office,Southwest,2022-06-24,2025-06-23,Floating,8.07,27885096.0,26705213.0,49617659.0,2856803.0,73.2,0.5382,1.15,0.107,1.32,Compliant,Current,Pass,0
L0601,Office,Midwest,2020-08-06,2023-08-06,Fixed,8.36,13436329.0,12564330.0,20248387.0,1205523.0,72.7,0.6205,1.0,0.0959,1.15,Breached,90+ Days,High Risk,1
L0602,Multifamily,Southeast,2022-05-03,2032-04-30,Floating,6.99,11542231.0,11034120.0,16082450.0,1203578.0,92.4,0.6861,1.36,0.1091,1.56,Compliant,Current,Pass,0
L0603,Office,Southeast,2021-08-20,2024-08-19,Fixed,5.39,43268466.0,40999539.0,49624786.0,3773751.0,83.5,0.8262,1.49,0.092,1.71,Compliant,Current,Watch,0
L0604,Office,West,2020-01-14,2025-01-12,Fixed,5.3,17973090.0,16685528.0,22956268.0,1565266.0,77.5,0.7268,1.54,0.0938,1.77,Compliant,Current,Pass,0
L0605,Office,Northeast,2022-09-17,2025-09-16,Fixed,7.46,28071304.0,26961988.0,31982719.0,1928399.0,84.2,0.843,0.83,0.0715,0.96,Breached,90+ Days,High Risk,1
L0606,Multifamily,Midwest,2019-07-05,2024-07-03,Fixed,6.25,8544653.0,7878310.0,19866858.0,1128461.0,96.9,0.3966,1.99,0.1432,2.29,Compliant,Current,Pass,0
L0607,Multifamily,West,2021-04-09,2024-04-08,Fixed,6.31,17791418.0,16780670.0,26026142.0,1958161.0,90.3,0.6448,1.61,0.1167,1.85,Compliant,Current,Pass,0
L0608,Multifamily,Midwest,2024-06-12,2031-06-11,Fixed,5.71,8872894.0,8707202.0,16447297.0,878928.0,78.0,0.5294,1.54,0.1009,1.77,Compliant,Current,Pass,0
L0609,Retail,Northeast,2024-07-25,2031-07-24,Fixed,5.81,2819076.0,2770418.0,3850435.0,246678.0,83.0,0.7195,1.33,0.089,1.53,Compliant,Current,Pass,0
L0610,Industrial,Northeast,2023-12-07,2030-12-05,Floating,6.95,9958381.0,9710867.0,11495234.0,991812.0,100.0,0.8448,1.28,0.1021,1.47,Compliant,Current,Watch,0
L0611,Office,West,2022-11-25,2027-11-24,Fixed,5.25,13897445.0,13379775.0,17645864.0,1064432.0,80.7,0.7582,1.32,0.0796,1.52,Compliant,Current,Watch,0
L0612,Industrial,Northeast,2022-01-04,2029-01-02,Floating,6.83,4091679.0,3895547.0,7959146.0,426250.0,88.9,0.4894,1.39,0.1094,1.6,Compliant,Current,Pass,0
L0613,Retail,Southwest,2023-11-24,2028-11-22,Floating,7.96,8888538.0,8663817.0,15675939.0,769859.0,89.0,0.5527,0.97,0.0889,1.12,Compliant,Current,High Risk,0
L0614,Office,Southeast,2023-05-05,2028-05-03,Fixed,4.28,11011412.0,10659530.0,10833926.0,938608.0,83.4,0.9839,1.79,0.0881,2.06,Compliant,Current,High Risk,0
L0615,Hospitality,West,2020-08-01,2027-07-31,Fixed,4.81,120541628.0,112698827.0,125934618.0,8580888.0,62.9,0.8949,1.38,0.0761,1.58,Compliant,Current,High Risk,0
L0616,Mixed-Use,Midwest,2020-10-14,2023-10-14,Fixed,6.81,6256457.0,5864615.0,9874437.0,564604.0,94.9,0.5939,1.23,0.0963,1.41,Compliant,Current,Pass,0
L0617,Office,Southwest,2019-12-22,2022-12-21,Fixed,7.43,9237424.0,8568685.0,14432928.0,913572.0,82.0,0.5937,1.25,0.1066,1.44,Compliant,Current,Pass,0
L0618,Multifamily,West,2023-02-12,2030-02-10,Fixed,5.76,19359045.0,18688214.0,28575938.0,1686935.0,83.2,0.654,1.36,0.0903,1.57,Compliant,Current,Pass,0
L0619,Industrial,Northeast,2021-08-10,2024-08-09,Floating,4.8,9294502.0,8804058.0,15875934.0,765664.0,100.0,0.5546,1.57,0.087,1.81,Compliant,Current,Pass,0
L0620,Industrial,Northeast,2019-03-31,2024-03-29,Fixed,7.49,15952991.0,14658570.0,19061687.0,1374215.0,90.7,0.769,1.09,0.0937,1.25,Compliant,Current,Watch,0
L0621,Office,Northeast,2024-01-02,2028-12-31,Fixed,5.47,22188782.0,21656251.0,32421299.0,2117251.0,76.6,0.668,1.55,0.0978,1.79,Compliant,Current,Pass,0
L0622,Multifamily,Northeast,2020-04-15,2030-04-13,Floating,6.27,8711445.0,8113721.0,9313749.0,664488.0,83.9,0.8712,1.13,0.0819,1.31,Compliant,Current,High Risk,0
L0623,Multifamily,Midwest,2023-10-05,2033-10-02,Fixed,6.49,5620417.0,5469081.0,9927883.0,645898.0,97.1,0.5509,1.58,0.1181,1.82,Compliant,Current,Pass,0
L0624,Retail,Southwest,2024-09-20,2034-09-18,Floating,6.0,14418862.0,14197009.0,19971140.0,1321714.0,85.8,0.7109,1.35,0.0931,1.55,Compliant,Current,Pass,0
L0625,Retail,Southeast,2024-10-17,2029-10-16,Fixed,5.41,3938476.0,3881374.0,8303107.0,372698.0,92.4,0.4675,1.54,0.096,1.77,Compliant,Current,Pass,0
L0626,Multifamily,Midwest,2024-05-17,2027-05-17,Fixed,5.43,16318590.0,15999908.0,27874122.0,2039567.0,87.6,0.574,2.04,0.1275,2.35,Compliant,Current,Pass,0
L0627,Multifamily,Midwest,2019-09-13,2024-09-11,Fixed,7.87,19892762.0,18387235.0,26778411.0,1478308.0,86.7,0.6866,0.89,0.0804,1.02,Compliant,Current,High Risk,0
L0628,Industrial,Southeast,2021-09-14,2024-09-13,Fixed,7.24,9325758.0,8844396.0,13403278.0,770839.0,88.0,0.6599,1.05,0.0872,1.2,Compliant,Current,Watch,0
L0629,Office,Southeast,2022-07-24,2025-07-23,Floating,7.12,15227311.0,14598027.0,21468008.0,1293429.0,81.2,0.68,1.08,0.0886,1.24,Breached,Current,Watch,0
L0630,Multifamily,Northeast,2020-09-11,2025-09-10,Fixed,4.23,6985645.0,6540554.0,18376632.0,853996.0,86.6,0.3559,2.68,0.1306,3.09,Compliant,Current,Pass,0
L0631,Industrial,Midwest,2019-04-29,2024-04-27,Floating,7.12,12898275.0,11864010.0,20872573.0,1247282.0,92.4,0.5684,1.28,0.1051,1.48,Compliant,Current,Pass,0
L0632,Hospitality,West,2020-06-01,2030-05-30,Fixed,6.67,4119705.0,3843403.0,4854158.0,287028.0,63.9,0.7918,0.97,0.0747,1.12,Breached,Current,High Risk,0
L0633,Retail,Southeast,2024-03-09,2027-03-09,Fixed,5.05,11859047.0,11600552.0,17420369.0,1073086.0,90.5,0.6659,1.59,0.0925,1.83,Compliant,Current,Pass,0
L0634,Retail,Southeast,2022-05-21,2027-05-20,Fixed,6.43,8543353.0,8172314.0,13876332.0,689506.0,73.1,0.5889,1.14,0.0844,1.31,Compliant,Current,Watch,0
L0635,Office,Southwest,2021-12-14,2024-12-13,Fixed,7.15,15923932.0,15149636.0,17517611.0,1284906.0,80.0,0.8648,1.03,0.0848,1.19,Compliant,Current,High Risk,0
L0636,Multifamily,West,2020-12-19,2030-12-17,Floating,7.11,13710650.0,12881700.0,23076119.0,1582618.0,100.0,0.5582,1.5,0.1229,1.73,Compliant,Current,Pass,0
L0637,Retail,West,2024-01-03,2031-01-01,Fixed,5.59,3758371.0,3668293.0,7420639.0,424636.0,96.9,0.4943,1.8,0.1158,2.07,Compliant,Current,Pass,0
L0638,Multifamily,Southeast,2020-05-09,2027-05-08,Fixed,6.21,3182798.0,2966926.0,4705689.0,281241.0,87.1,0.6305,1.33,0.0948,1.53,Compliant,Current,Pass,0
L0639,Multifamily,Northeast,2024-01-17,2034-01-14,Fixed,6.86,15527660.0,15162653.0,18098724.0,1312942.0,96.0,0.8378,1.1,0.0866,1.26,Compliant,Current,Watch,0
L0640,Multifamily,Southwest,2019-10-16,2024-10-14,Fixed,6.25,24754494.0,22907876.0,39669351.0,2486583.0,94.4,0.5775,1.51,0.1085,1.74,Compliant,Current,Pass,0
L0641,Office,West,2022-03-27,2027-03-26,Fixed,7.33,6915053.0,6602228.0,14530111.0,782231.0,89.8,0.4544,1.41,0.1185,1.62,Compliant,Current,Pass,0
L0642,Multifamily,Southeast,2023-08-22,2028-08-20,Fixed,6.56,6726417.0,6535571.0,6972394.0,447960.0,71.9,0.9373,0.91,0.0685,1.05,Compliant,Current,High Risk,0
L0643,Multifamily,West,2022-05-28,2027-05-27,Floating,7.28,18150268.0,17366177.0,36165724.0,1996688.0,100.0,0.4802,1.37,0.115,1.58,Compliant,Current,Pass,0
L0644,Multifamily,Southwest,2019-07-18,2024-07-16,Fixed,6.94,14618619.0,13484855.0,19473668.0,1141724.0,89.9,0.6925,1.06,0.0847,1.22,Compliant,Current,Watch,0
L0645,Office,Southwest,2019-05-27,2024-05-25,Fixed,5.24,91843075.0,84563064.0,91663963.0,5916394.0,72.1,0.9225,1.16,0.07,1.34,Breached,30-60 Days,High Risk,0
L0646,Hospitality,Midwest,2023-08-13,2033-08-10,Fixed,6.24,39751758.0,38612135.0,41074741.0,3059941.0,61.8,0.94,1.1,0.0792,1.27,Compliant,Current,High Risk,0
L0647,Retail,Southeast,2021-05-15,2031-05-13,Fixed,5.9,12666048.0,11961468.0,13452506.0,1119382.0,76.6,0.8892,1.38,0.0936,1.59,Compliant,Current,High Risk,0
L0648,Industrial,Southwest,2024-07-20,2031-07-19,Floating,7.54,6569918.0,6455439.0,8350594.0,645196.0,89.1,0.7731,1.15,0.0999,1.33,Compliant,Current,Watch,0
L0649,Industrial,Midwest,2022-06-27,2029-06-25,Fixed,6.62,13346154.0,12782764.0,12422904.0,799455.0,85.4,1.029,0.82,0.0625,0.95,Compliant,Current,High Risk,0
L0650,Retail,Midwest,2024-09-10,2031-09-09,Fixed,6.03,18209056.0,17922899.0,18254486.0,1557402.0,88.4,0.9818,1.25,0.0869,1.44,Compliant,90+ Days,High Risk,1
L0651,Office,West,2022-04-16,2025-04-15,Floating,5.45,16443937.0,15710853.0,22164514.0,1552057.0,82.7,0.7088,1.58,0.0988,1.81,Compliant,Current,Pass,0
L0652,Retail,West,2019-08-30,2022-08-29,Fixed,4.76,7500529.0,6929420.0,9442696.0,530517.0,84.9,0.7338,1.4,0.0766,1.61,Compliant,Current,Pass,0
L0653,Retail,Midwest,2021-07-23,2028-07-21,Fixed,6.48,8646771.0,8185389.0,12959149.0,853372.0,99.0,0.6316,1.4,0.1043,1.61,Compliant,Current,Pass,0
L0654,Industrial,West,2023-08-06,2030-08-04,Floating,5.95,6938675.0,6738157.0,12259521.0,724388.0,89.6,0.5496,1.57,0.1075,1.81,Compliant,Current,Pass,0
L0655,Multifamily,Southwest,2021-08-19,2024-08-18,Floating,7.2,13913180.0,13183138.0,19073633.0,1025567.0,89.5,0.6912,0.94,0.0778,1.08,Compliant,Current,High Risk,0
L0656,Office,Northeast,2023-01-24,2033-01-21,Floating,5.12,20584872.0,19858705.0,22400383.0,1219297.0,74.2,0.8865,1.04,0.0614,1.2,Compliant,Current,High Risk,0
L0657,Multifamily,Southwest,2019-01-08,2022-01-07,Fixed,7.63,27082809.0,24812305.0,34001047.0,2165013.0,96.8,0.7298,0.99,0.0873,1.14,Compliant,Current,High Risk,0
L0658,Multifamily,Midwest,2024-01-29,2029-01-27,Fixed,6.8,10812910.0,10562999.0,16172872.0,1161016.0,97.6,0.6531,1.41,0.1099,1.62,Compliant,Current,Pass,0
L0659,Industrial,Midwest,2024-10-26,2031-10-25,Fixed,6.29,14493290.0,14287446.0,18390305.0,1372171.0,98.0,0.7769,1.33,0.096,1.53,Compliant,Current,Watch,0
L0660,Retail,Southwest,2020-08-19,2023-08-19,Fixed,7.71,7327839.0,6855404.0,13843882.0,744767.0,86.0,0.4952,1.22,0.1086,1.41,Compliant,Current,Pass,0
L0661,Multifamily,West,2020-09-20,2023-09-20,Floating,7.45,17060645.0,15978673.0,23784955.0,1481105.0,81.3,0.6718,1.08,0.0927,1.24,Compliant,Current,Watch,0
L0662,Mixed-Use,West,2023-12-16,2028-12-14,Fixed,5.77,12201089.0,11901443.0,19313479.0,1339956.0,82.4,0.6162,1.7,0.1126,1.95,Compliant,Current,Pass,0
L0663,Retail,Midwest,2024-12-14,2031-12-13,Floating,6.67,10966571.0,10828483.0,14115340.0,936789.0,98.8,0.7671,1.13,0.0865,1.3,Compliant,Current,Watch,0
L0664,Multifamily,Southeast,2019-03-13,2024-03-11,Floating,4.83,17911382.0,16447457.0,27646415.0,1969832.0,100.0,0.5949,2.16,0.1198,2.48,Compliant,Current,Pass,0
L0665,Office,West,2023-06-09,2030-06-07,Fixed,7.16,10011264.0,9702862.0,12256081.0,748697.0,80.4,0.7917,0.94,0.0772,1.08,Compliant,Current,High Risk,0
L0666,Office,Southwest,2021-06-12,2026-06-11,Fixed,5.93,33005633.0,31199999.0,36873582.0,2819215.0,74.9,0.8461,1.32,0.0904,1.52,Compliant,Current,Watch,0
L0667,Multifamily,West,2019-09-07,2022-09-06,Floating,4.82,10950051.0,10119167.0,16542399.0,1074624.0,91.9,0.6117,1.92,0.1062,2.2,Compliant,Current,Pass,0
L0668,Office,Southwest,2023-03-23,2033-03-20,Fixed,5.14,13901317.0,13437432.0,13073233.0,938913.0,75.0,1.0279,1.18,0.0699,1.36,Compliant,Current,High Risk,0
L0669,Office,Midwest,2020-07-01,2023-07-01,Floating,7.38,12180877.0,11375938.0,17776431.0,1094549.0,87.5,0.6399,1.13,0.0962,1.3,Compliant,Current,Watch,0
L0670,Multifamily,West,2022-04-14,2032-04-11,Fixed,7.65,14138715.0,13507470.0,19524940.0,1279382.0,85.3,0.6918,1.08,0.0947,1.24,Compliant,Current,Watch,0
L0671,Office,Southwest,2021-05-04,2026-05-03,Fixed,6.22,17954303.0,16949059.0,29069196.0,1471941.0,85.4,0.5831,1.21,0.0868,1.4,Compliant,Current,Pass,0
L0672,Hospitality,Midwest,2022-07-16,2032-07-13,Fixed,5.32,26977047.0,25855098.0,34694655.0,1993874.0,63.8,0.7452,1.26,0.0771,1.45,Compliant,Current,Watch,0
L0673,Office,Southeast,2020-05-23,2023-05-23,Floating,5.32,22309067.0,20806230.0,28021168.0,1769056.0,88.6,0.7425,1.39,0.085,1.6,Compliant,Current,Pass,0
L0674,Retail,Southwest,2020-08-30,2025-08-29,Fixed,7.47,11180410.0,10463638.0,20917446.0,1378471.0,90.4,0.5002,1.53,0.1317,1.76,Compliant,Current,Pass,0
L0675,Multifamily,Southeast,2019-09-27,2022-09-26,Floating,7.0,55249700.0,51093712.0,63604111.0,5669086.0,86.0,0.8033,1.38,0.111,1.58,Compliant,Current,Watch,0
L0676,Mixed-Use,Southeast,2020-02-16,2023-02-15,Fixed,5.9,14308987.0,13299439.0,21143759.0,1301671.0,82.5,0.629,1.44,0.0979,1.66,Compliant,Current,Pass,0
L0677,Office,Northeast,2021-11-22,2028-11-20,Floating,6.09,12017410.0,11424375.0,28232623.0,1485325.0,83.7,0.4047,1.86,0.13,2.14,Compliant,Current,Pass,0
L0678,Multifamily,West,2019-09-06,2022-09-05,Floating,7.2,3951160.0,3651219.0,4344778.0,348983.0,88.0,0.8404,1.15,0.0956,1.33,Compliant,Current,Watch,0
L0679,Mixed-Use,Southwest,2022-03-01,2027-02-28,Fixed,6.78,7254581.0,6920194.0,9443076.0,705488.0,85.2,0.7328,1.31,0.1019,1.5,Compliant,Current,Pass,0
L0680,Hospitality,Southeast,2020-03-30,2023-03-30,Fixed,5.39,43401075.0,40400337.0,55035473.0,3004463.0,63.9,0.7341,1.2,0.0744,1.38,Compliant,90+ Days,Watch,1
L0681,Industrial,Northeast,2024-03-20,2029-03-19,Floating,5.57,14858076.0,14539584.0,25117747.0,1737831.0,100.0,0.5789,1.87,0.1195,2.15,Compliant,Current,Pass,0
L0682,Multifamily,Midwest,2020-08-25,2027-08-24,Fixed,5.22,5711115.0,5344039.0,10036763.0,727834.0,100.0,0.5324,2.27,0.1362,2.61,Compliant,Current,Pass,0
L0683,Office,Southwest,2020-03-23,2025-03-22,Floating,6.18,69803811.0,64961530.0,106664258.0,7090445.0,89.7,0.609,1.54,0.1091,1.77,Compliant,Current,Pass,0
L0684,Industrial,Southeast,2021-12-30,2028-12-28,Fixed,5.58,11968827.0,11393143.0,19766292.0,1342772.0,93.0,0.5764,1.84,0.1179,2.11,Compliant,Current,Pass,0
L0685,Mixed-Use,West,2022-06-07,2029-06-05,Floating,8.06,18033507.0,17260388.0,24055574.0,1426729.0,81.8,0.7175,0.89,0.0827,1.03,Compliant,Current,High Risk,0
L0686,Retail,Northeast,2021-01-14,2028-01-13,Floating,6.15,27488436.0,25849974.0,32538060.0,2262505.0,80.8,0.7945,1.24,0.0875,1.42,Compliant,Current,Watch,0
L0687,Retail,Southeast,2023-06-11,2028-06-09,Floating,5.48,20824750.0,20184603.0,44225438.0,2679080.0,99.3,0.4564,2.11,0.1327,2.42,Compliant,Current,Pass,0
L0688,Multifamily,West,2022-04-07,2029-04-05,Fixed,5.13,18440185.0,17612650.0,50730569.0,2089666.0,99.4,0.3472,2.01,0.1186,2.31,Compliant,Current,Pass,0
L0689,Industrial,Southeast,2021-09-14,2031-09-12,Fixed,6.03,15778571.0,14964137.0,25694406.0,1715523.0,100.0,0.5824,1.65,0.1146,1.9,Compliant,Current,Pass,0
L0690,Office,Southwest,2022-06-29,2029-06-27,Fixed,4.56,29901348.0,28641068.0,42658904.0,2129381.0,76.0,0.6714,1.42,0.0743,1.63,Compliant,Current,Pass,0
L0691,Multifamily,Southwest,2019-11-15,2024-11-13,Fixed,6.15,10510500.0,9736812.0,13206454.0,978881.0,77.9,0.7373,1.42,0.1005,1.64,Compliant,90+ Days,Pass,1
L0692,Multifamily,Southwest,2022-09-22,2029-09-20,Fixed,5.0,14050286.0,13497359.0,19071234.0,1045535.0,79.8,0.7077,1.35,0.0775,1.55,Compliant,Current,Pass,0
L0693,Retail,Northeast,2020-05-29,2027-05-28,Fixed,7.24,10971684.0,10234748.0,19865183.0,852673.0,87.5,0.5152,1.0,0.0833,1.15,Compliant,Current,Watch,0
L0694,Multifamily,Southwest,2023-04-27,2030-04-25,Floating,6.7,11191742.0,10831154.0,21373388.0,1048928.0,87.8,0.5068,1.26,0.0968,1.44,Compliant,30-60 Days,Pass,0
L0695,Office,West,2023-11-23,2026-11-22,Fixed,8.11,10584504.0,10316556.0,8233606.0,532111.0,72.9,1.253,0.55,0.0516,0.64,Breached,90+ Days,High Risk,1
L0696,Retail,Southeast,2020-03-19,2023-03-19,Fixed,5.99,6910692.0,6430390.0,10620898.0,708186.0,89.8,0.6054,1.6,0.1101,1.84,Compliant,Current,Pass,0
L0697,Multifamily,Midwest,2024-10-01,2031-09-30,Floating,3.78,6969502.0,6864787.0,14749654.0,771204.0,100.0,0.4654,2.58,0.1123,2.97,Compliant,Current,Pass,0
L0698,Retail,West,2023-03-20,2028-03-18,Fixed,7.51,8288313.0,8010916.0,12152400.0,672617.0,81.4,0.6592,0.97,0.084,1.12,Compliant,Current,High Risk,0
L0699,Office,West,2023-10-26,2030-10-24,Fixed,6.65,6760659.0,6583289.0,7109418.0,461596.0,67.6,0.926,0.92,0.0701,1.05,Compliant,90+ Days,High Risk,1
L0700,Retail,Southwest,2021-11-23,2026-11-22,Floating,7.19,9650529.0,9174612.0,11017836.0,812566.0,81.6,0.8327,1.07,0.0886,1.23,Breached,Current,Watch,0
L0701,Retail,Northeast,2023-12-24,2028-12-22,Floating,5.7,3261674.0,3182429.0,4416743.0,238987.0,78.6,0.7205,1.15,0.0751,1.32,Compliant,Current,Watch,0
L0702,Office,Southeast,2022-01-31,2025-01-30,Fixed,6.16,14417771.0,13739465.0,18792470.0,1285641.0,82.7,0.7311,1.32,0.0936,1.52,Compliant,Current,Pass,0
L0703,Multifamily,Northeast,2024-06-09,2027-06-09,Fixed,6.37,15834043.0,15536797.0,29878277.0,1474546.0,92.0,0.52,1.3,0.0949,1.49,Compliant,Current,Pass,0
L0704,Office,Southeast,2022-11-14,2032-11-11,Floating,6.39,27812970.0,26766897.0,40694987.0,2760870.0,93.0,0.6577,1.4,0.1031,1.62,Compliant,Current,Pass,0
L0705,Office,Southeast,2021-05-23,2031-05-21,Fixed,4.64,26053948.0,24611488.0,31246407.0,2243559.0,83.9,0.7877,1.71,0.0912,1.97,Compliant,Current,Watch,0
L0706,Mixed-Use,Northeast,2021-11-17,2028-11-15,Fixed,8.69,16691690.0,15865245.0,23756061.0,1656222.0,99.5,0.6678,1.04,0.1044,1.2,Compliant,Current,Watch,0
L0707,Multifamily,West,2023-07-20,2028-07-18,Fixed,6.95,6483797.0,6292801.0,7731631.0,571751.0,80.8,0.8139,1.14,0.0909,1.31,Compliant,Current,Watch,0
L0708,Industrial,Southeast,2024-10-04,2031-10-03,Fixed,6.58,17148654.0,16892693.0,18549272.0,1360583.0,68.0,0.9107,1.06,0.0805,1.22,Compliant,Current,High Risk,0
L0709,Multifamily,Northeast,2021-12-11,2028-12-09,Fixed,7.38,6565876.0,6245965.0,7340044.0,599112.0,93.9,0.8509,1.13,0.0959,1.3,Compliant,Current,High Risk,0
L0710,Industrial,Southeast,2024-12-20,2029-12-19,Fixed,6.78,18257972.0,18031673.0,29158957.0,1923837.0,95.0,0.6184,1.37,0.1067,1.57,Compliant,Current,Pass,0
L0711,Industrial,Midwest,2019-12-02,2022-12-01,Floating,5.99,14123255.0,13091522.0,18147871.0,1481756.0,93.0,0.7214,1.64,0.1132,1.89,Compliant,Current,Pass,0
L0712,Retail,West,2022-10-20,2029-10-18,Floating,7.72,16891953.0,16242747.0,22497254.0,1271165.0,87.8,0.722,0.88,0.0783,1.01,Compliant,Current,High Risk,0
L0713,Multifamily,Southwest,2022-06-02,2029-05-31,Fixed,6.97,12165260.0,11641720.0,19131970.0,1208221.0,83.0,0.6085,1.3,0.1038,1.49,Compliant,Current,Pass,0
L0714,Multifamily,Southeast,2019-12-02,2029-11-29,Floating,6.02,7649088.0,7090306.0,15677200.0,1002792.0,96.5,0.4523,2.04,0.1414,2.35,Compliant,Current,Pass,0
L0715,Multifamily,Midwest,2020-08-05,2023-08-05,Floating,7.31,5894076.0,5511365.0,10755969.0,598193.0,97.9,0.5124,1.29,0.1085,1.48,Compliant,Current,Pass,0
L0716,Mixed-Use,Southwest,2019-08-22,2026-08-20,Fixed,5.98,7309601.0,6751107.0,12903101.0,564563.0,75.4,0.5232,1.22,0.0836,1.4,Compliant,Current,Pass,0
L0717,Industrial,Southwest,2022-02-14,2027-02-13,Fixed,6.39,4064777.0,3875414.0,5180708.0,377278.0,91.2,0.748,1.33,0.0974,1.52,Compliant,Current,Pass,0
L0718,Mixed-Use,Southeast,2024-03-12,2029-03-11,Floating,7.14,23503725.0,22993727.0,39218275.0,2220954.0,82.7,0.5863,1.18,0.0966,1.35,Compliant,Current,Pass,0
L0719,Office,Northeast,2022-06-21,2025-06-20,Fixed,7.43,32377090.0,31003947.0,43155434.0,2649422.0,72.6,0.7184,1.0,0.0855,1.15,Compliant,Current,High Risk,0
L0720,Industrial,Southeast,2023-04-03,2028-04-01,Floating,6.02,13559943.0,13112353.0,11759060.0,932038.0,84.7,1.1151,1.03,0.0711,1.18,Compliant,Current,High Risk,0
L0721,Mixed-Use,Midwest,2023-04-15,2028-04-13,Fixed,6.53,13747883.0,13299513.0,15345181.0,1076445.0,85.1,0.8667,1.08,0.0809,1.24,Compliant,Current,High Risk,0
L0722,Office,Southwest,2021-10-22,2026-10-21,Floating,8.41,55918733.0,53102268.0,62520673.0,5043036.0,80.1,0.8494,0.98,0.095,1.13,Compliant,30-60 Days,High Risk,0
L0723,Office,Southeast,2022-06-05,2029-06-03,Fixed,6.04,17054091.0,16321839.0,19402245.0,1282193.0,73.1,0.8412,1.13,0.0786,1.3,Compliant,Current,Watch,0
L0724,Industrial,Northeast,2022-09-25,2029-09-23,Fixed,6.38,11291942.0,10848679.0,12037549.0,842622.0,85.3,0.9012,1.06,0.0777,1.22,Compliant,90+ Days,High Risk,1
L0725,Retail,Southeast,2020-02-27,2025-02-25,Floating,8.41,7792200.0,7245251.0,14275856.0,897008.0,90.3,0.5075,1.28,0.1238,1.47,Compliant,Current,Pass,0
L0726,Hospitality,West,2022-05-02,2032-04-29,Fixed,6.77,18264751.0,17460101.0,18319538.0,1050840.0,61.9,0.9531,0.77,0.0602,0.89,Breached,Current,High Risk,0
L0727,Office,Northeast,2022-05-23,2027-05-22,Fixed,4.87,25467617.0,24363230.0,29013644.0,2029973.0,75.5,0.8397,1.49,0.0833,1.71,Compliant,Current,Watch,0
L0728,Industrial,Midwest,2021-07-19,2024-07-18,Fixed,5.48,7058001.0,6680466.0,10713303.0,654335.0,90.5,0.6236,1.55,0.0979,1.79,Compliant,Current,Pass,0
L0729,Multifamily,Southwest,2022-05-26,2029-05-24,Fixed,6.82,8162813.0,7809643.0,10240271.0,725018.0,100.0,0.7626,1.18,0.0928,1.36,Compliant,Current,Watch,0
L0730,Office,Southeast,2022-06-03,2025-06-02,Fixed,6.58,26184822.0,25058803.0,34048283.0,2038327.0,72.2,0.736,1.07,0.0813,1.24,Compliant,Current,Watch,0
L0731,Office,Northeast,2021-09-15,2026-09-14,Floating,6.75,13690295.0,12984100.0,21973440.0,1393590.0,91.8,0.5909,1.38,0.1073,1.59,Compliant,Current,Pass,0
L0732,Industrial,West,2019-02-27,2022-02-26,Fixed,8.15,10761772.0,9877243.0,16439824.0,1054491.0,100.0,0.6008,1.14,0.1068,1.31,Compliant,Current,Watch,0
L0733,Industrial,Northeast,2020-10-20,2023-10-20,Floating,6.04,8288381.0,7770913.0,11091885.0,828483.0,100.0,0.7006,1.53,0.1066,1.76,Compliant,Current,Pass,0
L0734,Retail,West,2022-01-01,2028-12-30,Floating,6.53,7949335.0,7567506.0,13675087.0,836654.0,92.3,0.5534,1.47,0.1106,1.69,Compliant,Current,Pass,0
L0735,Multifamily,Midwest,2024-07-07,2029-07-06,Floating,4.83,8286251.0,8138324.0,7446197.0,563550.0,90.2,1.093,1.25,0.0692,1.43,Compliant,Current,High Risk,0
L0736,Hospitality,Southwest,2019-12-31,2024-12-29,Fixed,7.24,15467153.0,14351993.0,15235638.0,866243.0,60.7,0.942,0.72,0.0604,0.83,Compliant,Current,High Risk,0
L0737,Multifamily,Midwest,2021-07-24,2024-07-23,Floating,5.88,7645016.0,7237338.0,10937572.0,737506.0,89.2,0.6617,1.51,0.1019,1.73,Compliant,Current,Pass,0
L0738,Industrial,Southeast,2023-09-25,2030-09-23,Fixed,7.15,15901551.0,15468158.0,26253725.0,1544023.0,100.0,0.5892,1.21,0.0998,1.4,Compliant,Current,Pass,0
L0739,Multifamily,Northeast,2020-02-23,2025-02-21,Floating,7.46,13189793.0,12262244.0,15601397.0,1170756.0,91.6,0.786,1.11,0.0955,1.28,Compliant,Current,Watch,0
L0740,Multifamily,West,2021-08-20,2028-08-18,Floating,8.71,19887862.0,18844975.0,39791653.0,2293274.0,97.3,0.4736,1.21,0.1217,1.4,Compliant,Current,Pass,0
L0741,Multifamily,West,2022-08-01,2027-07-31,Floating,7.18,21091482.0,20225402.0,32219822.0,1886451.0,93.7,0.6277,1.13,0.0933,1.3,Compliant,Current,Watch,0
L0742,Multifamily,Northeast,2021-05-10,2024-05-09,Fixed,5.88,9318054.0,8798183.0,21970931.0,1179691.0,94.0,0.4004,1.98,0.1341,2.28,Compliant,Current,Pass,0
L0743,Industrial,Northeast,2020-06-22,2025-06-21,Floating,7.01,16239667.0,15161709.0,18665456.0,1230564.0,96.3,0.8123,1.01,0.0812,1.16,Compliant,Current,Watch,0
L0744,Retail,Southeast,2022-06-02,2025-06-01,Fixed,5.52,7938109.0,7596488.0,7374815.0,518593.0,91.0,1.0301,1.08,0.0683,1.24,Breached,Current,High Risk,0
L0745,Multifamily,Midwest,2022-06-22,2027-06-21,Floating,6.89,10997151.0,10531113.0,16021562.0,1111066.0,85.5,0.6573,1.33,0.1055,1.53,Compliant,Current,Pass,0
L0746,Hospitality,West,2019-09-12,2024-09-10,Floating,6.42,43809223.0,40492204.0,40836358.0,2601352.0,65.8,0.9916,0.87,0.0642,1.0,Breached,90+ Days,High Risk,1
L0747,Multifamily,Southeast,2023-08-27,2033-08-24,Fixed,6.14,16272545.0,15813525.0,23557639.0,1391199.0,94.5,0.6713,1.25,0.088,1.43,Compliant,Current,Pass,0
L0748,Retail,Midwest,2020-10-08,2023-10-08,Floating,5.79,6590361.0,6176306.0,11154160.0,697044.0,88.3,0.5537,1.69,0.1129,1.95,Compliant,Current,Pass,0
L0749,Hospitality,Southeast,2019-08-12,2026-08-10,Fixed,6.47,28785701.0,26576852.0,28737012.0,1805697.0,64.3,0.9248,0.91,0.0679,1.05,Compliant,Current,High Risk,0
L0750,Retail,West,2022-01-03,2025-01-02,Fixed,6.94,3988039.0,3796744.0,6354019.0,427457.0,90.3,0.5975,1.41,0.1126,1.62,Compliant,Current,Pass,0
L0751,Office,Northeast,2020-01-03,2025-01-01,Fixed,4.71,20622731.0,19137894.0,21300549.0,1419781.0,71.8,0.8985,1.37,0.0742,1.57,Compliant,Current,High Risk,0
L0752,Mixed-Use,Northeast,2022-12-01,2027-11-30,Fixed,5.58,6136668.0,5909292.0,6319990.0,509754.0,75.2,0.935,1.34,0.0863,1.55,Compliant,Current,High Risk,0
L0753,Retail,Midwest,2024-11-13,2034-11-11,Floating,6.75,4655372.0,4592008.0,6195087.0,404891.0,89.4,0.7412,1.14,0.0882,1.31,Compliant,Current,Watch,0
L0754,Multifamily,Southwest,2022-07-11,2025-07-10,Fixed,4.09,16551198.0,15860129.0,18228192.0,1244023.0,82.4,0.8701,1.67,0.0784,1.92,Compliant,Current,High Risk,0
L0755,Office,Midwest,2023-06-18,2026-06-17,Fixed,7.77,4144311.0,4017869.0,6634297.0,435496.0,80.2,0.6056,1.21,0.1084,1.4,Compliant,Current,Pass,0
L0756,Industrial,Southwest,2022-11-11,2027-11-10,Floating,5.96,26949550.0,25933294.0,41429583.0,2571095.0,78.4,0.626,1.45,0.0991,1.66,Compliant,Current,Pass,0
L0757,Retail,Southeast,2019-06-02,2022-06-01,Floating,5.76,12659558.0,11658586.0,14186232.0,967312.0,81.2,0.8218,1.25,0.083,1.44,Compliant,Current,Watch,0
L0758,Retail,Southeast,2019-12-28,2022-12-27,Floating,6.41,2910277.0,2700163.0,4104850.0,251275.0,84.4,0.6578,1.26,0.0931,1.45,Compliant,90+ Days,Pass,1
L0759,Hospitality,West,2023-05-29,2028-05-27,Floating,6.72,82287292.0,79722634.0,89484839.0,5769628.0,55.1,0.8909,0.94,0.0724,1.08,Compliant,Current,High Risk,0
L0760,Industrial,Southwest,2021-05-23,2024-05-22,Floating,5.92,43525294.0,41115543.0,47358997.0,3572451.0,91.0,0.8682,1.28,0.0869,1.47,Compliant,Current,High Risk,0
L0761,Office,West,2024-05-11,2027-05-11,Fixed,7.08,16298961.0,15977447.0,21397113.0,1297345.0,87.5,0.7467,1.0,0.0812,1.15,Compliant,Current,High Risk,0
L0762,Multifamily,Northeast,2019-03-31,2026-03-29,Fixed,6.56,7209053.0,6624113.0,9652587.0,661068.0,81.8,0.6863,1.32,0.0998,1.52,Compliant,Current,Pass,0
L0763,Multifamily,Southwest,2019-09-08,2024-09-06,Floating,5.85,30337168.0,28036197.0,88229411.0,3764560.0,89.2,0.3178,2.0,0.1343,2.3,Compliant,Current,Pass,0
L0764,Industrial,Midwest,2024-01-08,2027-01-07,Fixed,5.73,8277165.0,8080146.0,13828511.0,875786.0,100.0,0.5843,1.64,0.1084,1.89,Compliant,Current,Pass,0
L0765,Office,Northeast,2019-09-20,2024-09-18,Floating,5.23,19667027.0,18183110.0,27250105.0,1650564.0,69.5,0.6673,1.51,0.0908,1.73,Compliant,Current,Watch,0
L0766,Retail,Northeast,2024-09-14,2031-09-13,Fixed,5.07,15626230.0,15382717.0,20833409.0,1376721.0,98.2,0.7384,1.53,0.0895,1.76,Compliant,Current,Pass,0
L0767,Industrial,Midwest,2024-06-24,2029-06-23,Fixed,6.55,9190348.0,9022353.0,14810987.0,931224.0,91.8,0.6092,1.37,0.1032,1.58,Compliant,Current,Pass,0
L0768,Hospitality,Northeast,2022-07-13,2027-07-12,Fixed,5.46,19268326.0,18465075.0,19928406.0,1320728.0,68.8,0.9266,1.14,0.0715,1.31,Compliant,Current,High Risk,0
L0769,Multifamily,Southwest,2021-12-12,2024-12-11,Floating,8.22,5960113.0,5669912.0,12870036.0,792691.0,100.0,0.4406,1.48,0.1398,1.7,Compliant,Current,Pass,0
L0770,Industrial,West,2022-08-24,2027-08-23,Fixed,6.26,7069476.0,6784528.0,12000060.0,821728.0,90.1,0.5654,1.68,0.1211,1.93,Compliant,Current,Pass,0
L0771,Office,Northeast,2022-01-14,2027-01-13,Floating,5.38,15594969.0,14852563.0,36368330.0,1802713.0,83.0,0.4084,1.96,0.1214,2.25,Compliant,Current,Pass,0
L0772,Hospitality,Southwest,2023-03-24,2030-03-22,Fixed,5.17,11132099.0,10760988.0,11974670.0,790361.0,75.1,0.8986,1.24,0.0734,1.42,Compliant,Current,High Risk,0
L0773,Office,Southeast,2024-11-24,2031-11-23,Fixed,7.15,9573578.0,9446735.0,13001554.0,735450.0,72.8,0.7266,0.95,0.0779,1.09,Compliant,Current,High Risk,0
L0774,Multifamily,Southwest,2023-04-06,2030-04-04,Floating,6.53,12223831.0,11821549.0,15385011.0,1161734.0,85.9,0.7684,1.31,0.0983,1.5,Compliant,90+ Days,Watch,1
L0775,Industrial,West,2022-03-02,2027-03-01,Floating,7.49,3615564.0,3449030.0,5620206.0,317098.0,92.2,0.6137,1.07,0.0919,1.23,Compliant,Current,Watch,0
L0776,Office,Southwest,2024-11-27,2029-11-26,Fixed,5.87,11098746.0,10952790.0,12267475.0,907265.0,76.4,0.8928,1.23,0.0828,1.41,Compliant,Current,High Risk,0
L0777,Multifamily,Midwest,2019-02-14,2024-02-13,Floating,6.1,34968000.0,32078972.0,53292324.0,3458470.0,83.4,0.6019,1.54,0.1078,1.77,Compliant,Current,Pass,0
L0778,Industrial,West,2021-04-11,2024-04-10,Fixed,7.21,8269527.0,7800271.0,14646660.0,710965.0,88.9,0.5326,1.1,0.0911,1.26,Compliant,Current,Watch,0
L0779,Industrial,Southeast,2019-07-29,2022-07-28,Fixed,5.43,7719018.0,7123153.0,8458739.0,483109.0,66.3,0.8421,1.09,0.0678,1.25,Compliant,Current,Watch,0
L0780,Industrial,Midwest,2024-07-20,2031-07-19,Fixed,6.64,8249189.0,8105450.0,9693728.0,704057.0,91.3,0.8362,1.14,0.0869,1.31,Breached,90+ Days,Watch,1
L0781,Industrial,Southwest,2019-11-10,2024-11-08,Floating,6.41,8321157.0,7707261.0,9789422.0,706004.0,100.0,0.7873,1.24,0.0916,1.43,Compliant,Current,Watch,0
L0782,Retail,West,2024-12-02,2029-12-01,Floating,7.39,10974994.0,10832470.0,17868216.0,952480.0,73.7,0.6062,1.03,0.0879,1.19,Compliant,Current,Watch,0
L0783,Multifamily,Southeast,2024-12-22,2029-12-21,Fixed,7.84,15840707.0,15645411.0,16701776.0,1320538.0,88.3,0.9368,0.94,0.0844,1.08,Compliant,30-60 Days,High Risk,0
L0784,Multifamily,Midwest,2019-07-01,2024-06-29,Floating,6.25,9679299.0,8923200.0,13871212.0,898562.0,100.0,0.6433,1.4,0.1007,1.61,Compliant,Current,Pass,0
L0785,Office,Southeast,2019-02-19,2022-02-18,Fixed,5.71,16002759.0,14683255.0,19275679.0,1406423.0,77.8,0.7618,1.46,0.0958,1.68,Compliant,Current,Watch,0
L0786,Hospitality,Southwest,2023-09-04,2030-09-02,Fixed,6.8,45289158.0,44023543.0,69215855.0,3744123.0,78.9,0.636,1.09,0.085,1.25,Compliant,Current,Watch,0
L0787,Retail,Southeast,2021-06-22,2024-06-21,Fixed,5.23,3486066.0,3296501.0,4386739.0,267137.0,78.9,0.7515,1.35,0.081,1.55,Compliant,Current,Watch,0
L0788,Multifamily,Northeast,2021-01-15,2028-01-14,Fixed,7.65,11625914.0,10933328.0,18940435.0,1302025.0,95.6,0.5772,1.35,0.1191,1.56,Compliant,Current,Pass,0
L0789,Multifamily,Midwest,2019-09-07,2026-09-05,Fixed,7.5,12926665.0,11945797.0,16561937.0,1029847.0,82.5,0.7213,1.0,0.0862,1.15,Compliant,Current,High Risk,0
L0790,Mixed-Use,Southeast,2019-08-18,2026-08-16,Fixed,5.3,9132886.0,8433883.0,15054835.0,582816.0,88.2,0.5602,1.13,0.0691,1.3,Compliant,Current,Watch,0
L0791,Office,Southwest,2019-12-08,2024-12-06,Floating,5.18,16895488.0,15664571.0,28279219.0,1789593.0,84.7,0.5539,1.92,0.1142,2.21,Compliant,Current,Pass,0
L0792,Retail,Southwest,2020-12-24,2023-12-24,Fixed,5.16,4845350.0,4553195.0,8706343.0,411964.0,91.8,0.523,1.53,0.0905,1.75,Compliant,Current,Pass,0
L0793,Retail,Southeast,2021-04-06,2026-04-05,Fixed,5.17,11357571.0,10711216.0,16281858.0,901425.0,84.2,0.6579,1.42,0.0842,1.63,Compliant,Current,Pass,0
L0794,Retail,Southwest,2022-04-17,2029-04-15,Fixed,6.92,3832157.0,3661442.0,6153423.0,322281.0,89.2,0.595,1.11,0.088,1.27,Compliant,Current,Watch,0
L0795,Office,West,2022-09-30,2027-09-29,Fixed,7.59,32286696.0,31024596.0,36500851.0,2744608.0,80.3,0.85,1.01,0.0885,1.16,Compliant,Current,Watch,0
L0796,Hospitality,West,2020-12-31,2030-12-29,Fixed,6.91,21130651.0,19861422.0,20036615.0,1563200.0,73.3,0.9913,0.99,0.0787,1.14,Breached,Current,High Risk,0
L0797,Mixed-Use,West,2019-02-09,2024-02-08,Floating,6.39,10942329.0,10036484.0,16180484.0,1101471.0,84.0,0.6203,1.49,0.1097,1.72,Compliant,Current,Pass,0
L0798,Retail,Northeast,2024-05-21,2029-05-20,Fixed,6.51,4603690.0,4514391.0,8960092.0,563853.0,94.4,0.5038,1.67,0.1249,1.92,Compliant,Current,Pass,0
L0799,Industrial,Southeast,2022-11-17,2027-11-16,Floating,5.82,17627266.0,16966026.0,25611450.0,1671276.0,100.0,0.6624,1.47,0.0985,1.69,Compliant,Current,Pass,0
L0800,Mixed-Use,Northeast,2021-12-16,2026-12-15,Floating,7.59,9781894.0,9306896.0,9754758.0,733428.0,82.5,0.9541,0.9,0.0788,1.04,Compliant,Current,High Risk,0
L0801,Industrial,Southwest,2023-02-14,2028-02-13,Fixed,6.59,5262459.0,5080450.0,10235160.0,482579.0,94.4,0.4964,1.25,0.095,1.44,Compliant,Current,Pass,0
L0802,Office,Northeast,2023-07-22,2030-07-20,Floating,7.3,32094240.0,31150933.0,45805646.0,2534155.0,70.8,0.6801,0.97,0.0814,1.12,Compliant,90+ Days,High Risk,1
L0803,Retail,Southwest,2022-05-06,2029-05-04,Fixed,5.55,4865032.0,4651344.0,6087642.0,450707.0,89.7,0.7641,1.52,0.0969,1.75,Compliant,Current,Watch,0
L0804,Retail,Southwest,2022-06-11,2029-06-09,Floating,6.45,7594895.0,7270291.0,8756763.0,664730.0,89.8,0.8302,1.23,0.0914,1.42,Compliant,Current,Watch,0
L0805,Multifamily,Midwest,2021-02-09,2031-02-07,Fixed,6.85,18826185.0,17720134.0,21180037.0,1489115.0,92.5,0.8366,1.07,0.084,1.23,Compliant,Current,Watch,0
L0806,Industrial,West,2019-02-09,2026-02-07,Fixed,7.5,10907622.0,10004650.0,13404497.0,745226.0,95.1,0.7464,0.86,0.0745,0.99,Compliant,Current,High Risk,0
L0807,Mixed-Use,Southwest,2021-06-17,2024-06-16,Fixed,5.65,36271260.0,34292936.0,44135108.0,3261847.0,100.0,0.777,1.46,0.0951,1.68,Compliant,Current,Watch,0
L0808,Mixed-Use,Midwest,2019-07-14,2026-07-12,Fixed,6.9,8844843.0,8157708.0,8786443.0,678778.0,61.9,0.9284,1.05,0.0832,1.21,Compliant,Current,High Risk,0
L0809,Multifamily,West,2020-10-28,2023-10-28,Fixed,5.56,10688041.0,10023567.0,14684329.0,1049405.0,88.0,0.6826,1.64,0.1047,1.88,Compliant,Current,Pass,0
L0810,Office,Southwest,2023-02-23,2026-02-22,Fixed,8.11,16728666.0,16155033.0,30211339.0,1285611.0,75.3,0.5347,0.85,0.0796,0.98,Compliant,Current,High Risk,0
L0811,Mixed-Use,Southwest,2024-11-23,2031-11-22,Fixed,5.83,19702323.0,19440633.0,33393363.0,2208014.0,96.7,0.5822,1.7,0.1136,1.95,Compliant,Current,Pass,0
L0812,Industrial,Northeast,2021-12-23,2026-12-22,Floating,7.18,20314356.0,19332588.0,24226357.0,1702317.0,97.8,0.798,1.07,0.0881,1.23,Compliant,Current,Watch,0
L0813,Office,Northeast,2022-09-10,2025-09-09,Floating,6.75,18743759.0,17998733.0,26953055.0,1626871.0,82.0,0.6678,1.16,0.0904,1.34,Compliant,Current,Pass,0
L0814,Mixed-Use,West,2020-03-25,2023-03-25,Fixed,8.54,12979124.0,12079617.0,14473242.0,965077.0,95.1,0.8346,0.81,0.0799,0.93,Compliant,Current,High Risk,0
L0815,Hospitality,Southwest,2023-10-13,2026-10-12,Fixed,6.41,9731781.0,9472302.0,11821327.0,713758.0,66.6,0.8013,1.02,0.0754,1.18,Compliant,30-60 Days,Watch,0
L0816,Retail,Southeast,2021-08-16,2031-08-14,Floating,6.14,8510079.0,8062705.0,14928235.0,854577.0,92.2,0.5401,1.5,0.106,1.73,Compliant,Current,Pass,0
L0817,Retail,Northeast,2021-04-22,2024-04-21,Floating,7.18,5594458.0,5279023.0,6435313.0,505785.0,82.8,0.8203,1.16,0.0958,1.34,Compliant,Current,Watch,0
L0818,Multifamily,West,2024-05-20,2027-05-20,Floating,7.16,16861731.0,16534105.0,25792914.0,1726465.0,83.6,0.641,1.27,0.1044,1.46,Compliant,Current,Pass,0
L0819,Office,Southwest,2024-11-15,2029-11-14,Fixed,6.06,14368603.0,14173977.0,28118175.0,1547798.0,92.4,0.5041,1.57,0.1092,1.8,Compliant,Current,Pass,0
L0820,Multifamily,Southwest,2020-12-31,2025-12-30,Fixed,5.21,10512402.0,9880967.0,16481066.0,867079.0,95.0,0.5995,1.46,0.0878,1.68,Compliant,Current,Pass,0
L0821,Industrial,Southeast,2019-12-29,2029-12-26,Fixed,5.72,4479170.0,4155933.0,9521970.0,545144.0,99.2,0.4365,1.99,0.1312,2.29,Compliant,Current,Pass,0
L0822,Office,West,2024-06-29,2027-06-29,Fixed,6.99,6646385.0,6525985.0,8194614.0,469550.0,69.4,0.7964,0.89,0.072,1.03,Breached,Current,High Risk,0
L0823,Multifamily,Southwest,2019-09-18,2024-09-16,Floating,5.03,33396447.0,30874421.0,36505303.0,2420987.0,96.1,0.8458,1.36,0.0784,1.56,Compliant,Current,Watch,0
L0824,Multifamily,Northeast,2022-09-06,2029-09-04,Floating,6.38,12887177.0,12373244.0,19203259.0,1332130.0,100.0,0.6443,1.47,0.1077,1.69,Compliant,Current,Pass,0
L0825,Retail,Southeast,2019-06-10,2029-06-07,Fixed,7.1,9992412.0,9204956.0,14010190.0,971752.0,84.8,0.657,1.29,0.1056,1.49,Compliant,Current,Pass,0
L0826,Hospitality,West,2021-07-29,2028-07-27,Floating,6.52,13320181.0,12612058.0,11899833.0,693153.0,58.0,1.0599,0.73,0.055,0.84,Compliant,90+ Days,High Risk,1
L0827,Multifamily,Southeast,2021-02-18,2028-02-17,Fixed,8.16,19422742.0,18287389.0,30964020.0,2269219.0,93.5,0.5906,1.32,0.1241,1.52,Compliant,Current,Pass,0
L0828,Multifamily,Northeast,2022-04-29,2025-04-28,Fixed,4.63,17588294.0,16811711.0,17647003.0,1342065.0,83.7,0.9527,1.5,0.0798,1.72,Compliant,Current,High Risk,0
L0829,Industrial,West,2020-08-03,2025-08-02,Fixed,5.33,6431772.0,6013725.0,8183933.0,512808.0,81.5,0.7348,1.39,0.0853,1.6,Compliant,Current,Pass,0
L0830,Multifamily,Southeast,2022-03-22,2027-03-21,Floating,4.52,6700477.0,6396257.0,9843086.0,548372.0,86.1,0.6498,1.65,0.0857,1.9,Compliant,Current,Pass,0
L0831,Multifamily,Midwest,2019-11-08,2029-11-05,Fixed,7.99,8020626.0,7428374.0,8505735.0,560550.0,88.1,0.8733,0.82,0.0755,0.94,Compliant,Current,High Risk,0
L0832,Multifamily,Northeast,2024-04-07,2027-04-07,Floating,5.75,11814779.0,11568514.0,10602772.0,895305.0,84.1,1.0911,1.17,0.0774,1.35,Breached,90+ Days,High Risk,1
L0833,Office,Northeast,2020-07-16,2023-07-16,Floating,4.81,19732768.0,18438515.0,29729864.0,1649274.0,88.6,0.6202,1.62,0.0894,1.86,Compliant,Current,Pass,0
L0834,Office,Northeast,2024-02-27,2029-02-25,Fixed,5.65,18384142.0,17976770.0,29271929.0,1764059.0,93.1,0.6141,1.51,0.0981,1.74,Compliant,Current,Pass,0
L0835,Retail,Midwest,2019-05-30,2022-05-29,Fixed,4.95,16342076.0,15048320.0,13755351.0,901208.0,91.9,1.094,1.05,0.0599,1.21,Compliant,Current,High Risk,0
L0836,Multifamily,Midwest,2020-09-10,2023-09-10,Floating,6.06,8098512.0,7582249.0,12754339.0,891209.0,95.1,0.5945,1.69,0.1175,1.94,Compliant,Current,Pass,0
L0837,Hospitality,Southwest,2022-01-02,2031-12-31,Fixed,6.24,12102092.0,11521192.0,19847835.0,935424.0,66.9,0.5805,1.13,0.0812,1.3,Compliant,Current,Watch,0
L0838,Multifamily,Southeast,2020-05-12,2025-05-11,Floating,7.32,12000654.0,11187897.0,16277129.0,1249318.0,84.8,0.6873,1.33,0.1117,1.52,Compliant,Current,Pass,0
L0839,Retail,Southwest,2021-01-17,2028-01-16,Floating,6.44,3152655.0,2965050.0,3393269.0,260028.0,99.8,0.8738,1.18,0.0877,1.36,Compliant,Current,High Risk,0
L0840,Retail,Southeast,2019-01-26,2026-01-24,Fixed,6.22,11729384.0,10752985.0,16684778.0,1020722.0,86.5,0.6445,1.33,0.0949,1.53,Compliant,Current,Pass,0
L0841,Office,Midwest,2024-05-27,2029-05-26,Fixed,5.68,18996439.0,18631708.0,18815088.0,1681308.0,74.3,0.9903,1.38,0.0902,1.59,Compliant,30-60 Days,High Risk,0
L0842,Industrial,Midwest,2024-11-10,2027-11-10,Floating,5.24,8303393.0,8189556.0,13147144.0,999832.0,100.0,0.6229,2.03,0.1221,2.33,Compliant,Current,Pass,0
L0843,Office,Southwest,2020-03-11,2023-03-11,Floating,4.94,14496651.0,13485301.0,18886647.0,1427265.0,77.4,0.714,1.86,0.1058,2.14,Compliant,Current,Pass,0
L0844,Mixed-Use,West,2020-12-19,2025-12-18,Fixed,5.87,23093588.0,21697343.0,30172689.0,2283710.0,92.8,0.7191,1.56,0.1053,1.79,Compliant,Current,Pass,0
L0845,Office,Southwest,2020-06-10,2027-06-09,Fixed,6.28,29176195.0,27228024.0,30105417.0,2270805.0,74.7,0.9044,1.16,0.0834,1.33,Compliant,Current,High Risk,0
L0846,Multifamily,Southeast,2021-07-21,2026-07-20,Fixed,5.81,10479303.0,9919449.0,13200560.0,855433.0,100.0,0.7514,1.29,0.0862,1.49,Compliant,Current,Watch,0
L0847,Office,Southwest,2023-01-13,2026-01-12,Floating,4.97,24924334.0,24036072.0,40496245.0,2588170.0,85.8,0.5935,1.88,0.1077,2.17,Compliant,Current,Pass,0
L0848,Mixed-Use,Northeast,2023-11-23,2028-11-21,Floating,6.78,22508907.0,21939092.0,37354701.0,2110835.0,95.6,0.5873,1.23,0.0962,1.42,Compliant,Current,Pass,0
L0849,Retail,Southeast,2024-10-22,2034-10-20,Floating,8.07,9621315.0,9483401.0,13804435.0,825556.0,81.3,0.687,0.94,0.0871,1.08,Compliant,Current,High Risk,0
L0850,Retail,Southeast,2019-12-06,2026-12-04,Fixed,6.1,7145164.0,6624135.0,10364455.0,644689.0,86.3,0.6391,1.39,0.0973,1.6,Compliant,Current,Pass,0
L0851,Office,West,2019-05-20,2026-05-18,Fixed,5.68,22198262.0,20433591.0,21879318.0,1435046.0,93.6,0.9339,1.08,0.0702,1.24,Compliant,Current,High Risk,0
L0852,Industrial,Midwest,2021-08-21,2028-08-19,Floating,6.55,5646791.0,5350868.0,6076705.0,482397.0,92.0,0.8806,1.2,0.0902,1.38,Compliant,Current,High Risk,0
L0853,Multifamily,Southeast,2020-09-17,2025-09-16,Fixed,5.21,12478594.0,11685981.0,29821829.0,1374117.0,98.5,0.3919,1.96,0.1176,2.26,Compliant,Current,Pass,0
L0854,Hospitality,Midwest,2023-12-12,2030-12-10,Fixed,5.15,19352527.0,18874705.0,22592125.0,1741952.0,86.3,0.8355,1.56,0.0923,1.79,Compliant,Current,Watch,0
L0855,Multifamily,Southwest,2020-02-06,2023-02-05,Fixed,6.61,9684053.0,8997627.0,14972541.0,836862.0,77.2,0.6009,1.22,0.093,1.41,Compliant,Current,Pass,0
L0856,Office,Northeast,2023-02-03,2030-02-01,Floating,7.49,6964217.0,6720832.0,9616917.0,616053.0,75.8,0.6989,1.06,0.0917,1.22,Breached,Current,Watch,0
L0857,Office,West,2021-09-19,2028-09-17,Floating,6.47,10228654.0,9702369.0,12642642.0,739347.0,78.0,0.7674,1.02,0.0762,1.18,Compliant,Current,Watch,0
L0858,Multifamily,Midwest,2022-09-28,2025-09-27,Fixed,4.42,9185852.0,8826169.0,8489100.0,693462.0,77.6,1.0397,1.54,0.0786,1.78,Compliant,Current,High Risk,0
L0859,Retail,Southeast,2020-01-06,2027-01-04,Fixed,6.52,13088227.0,12147165.0,18551547.0,1122376.0,83.4,0.6548,1.23,0.0924,1.42,Compliant,Current,Pass,0
L0860,Office,Midwest,2024-01-19,2034-01-16,Floating,8.46,21064195.0,20570427.0,24750244.0,1724920.0,70.2,0.8311,0.86,0.0839,0.99,Breached,Current,High Risk,0
L0861,Industrial,Southeast,2021-07-03,2026-07-02,Floating,6.38,16766887.0,15861199.0,24254009.0,1701647.0,100.0,0.654,1.46,0.1073,1.68,Compliant,Current,Pass,0
L0862,Multifamily,Midwest,2024-02-29,2031-02-27,Fixed,6.04,23772014.0,23246815.0,26651977.0,1454130.0,78.1,0.8722,0.9,0.0626,1.04,Breached,Current,High Risk,0
L0863,Retail,Southeast,2021-11-08,2024-11-07,Fixed,5.41,9588472.0,9110888.0,15254947.0,978286.0,100.0,0.5972,1.72,0.1074,1.98,Compliant,Current,Pass,0
L0864,Multifamily,Southwest,2019-08-21,2024-08-19,Fixed,6.63,12962597.0,11971757.0,19335004.0,1466346.0,97.5,0.6192,1.61,0.1225,1.85,Compliant,Current,Pass,0
L0865,Multifamily,Southeast,2022-11-28,2027-11-27,Floating,6.0,7027001.0,6765943.0,12882884.0,736139.0,83.6,0.5252,1.58,0.1088,1.81,Compliant,Current,Pass,0
L0866,Retail,Southeast,2023-01-08,2028-01-07,Fixed,7.12,23857789.0,23003615.0,34235247.0,2480710.0,95.2,0.6719,1.32,0.1078,1.51,Compliant,Current,Pass,0
L0867,Office,Northeast,2020-07-27,2030-07-25,Fixed,5.61,8252841.0,7714530.0,9110278.0,565022.0,82.8,0.8468,1.14,0.0732,1.31,Compliant,Current,Watch,0
L0868,Office,Southeast,2023-12-16,2033-12-13,Floating,6.91,19214698.0,18742806.0,19562426.0,1476433.0,77.7,0.9581,0.99,0.0788,1.14,Breached,Current,High Risk,0
L0869,Hospitality,Northeast,2023-07-27,2030-07-25,Floating,6.56,34781370.0,33764801.0,30062103.0,2426838.0,62.2,1.1232,0.95,0.0719,1.1,Compliant,Current,High Risk,0
L0870,Mixed-Use,West,2024-04-01,2029-03-31,Fixed,7.6,22303932.0,21834633.0,50123318.0,2352259.0,89.4,0.4356,1.23,0.1077,1.42,Compliant,Current,Pass,0
L0871,Multifamily,Northeast,2024-01-31,2034-01-28,Floating,6.97,6357325.0,6210810.0,12569554.0,665643.0,93.0,0.4941,1.34,0.1072,1.54,Compliant,Current,Pass,0
L0872,Multifamily,Southwest,2019-08-08,2022-08-07,Fixed,7.45,9525382.0,8793206.0,13658727.0,833912.0,86.5,0.6438,1.11,0.0948,1.27,Compliant,Current,Watch,0
L0873,Industrial,Northeast,2023-09-09,2033-09-06,Fixed,6.3,6444068.0,6265046.0,8088204.0,632407.0,83.3,0.7746,1.39,0.1009,1.6,Compliant,Current,Watch,0
L0874,Multifamily,West,2022-07-06,2027-07-05,Fixed,6.05,4037670.0,3868420.0,4701640.0,328138.0,85.2,0.8228,1.22,0.0848,1.4,Compliant,Current,Watch,0
L0875,Office,Southwest,2019-07-16,2022-07-15,Floating,6.57,19337602.0,17836580.0,28656050.0,1541616.0,74.0,0.6224,1.14,0.0864,1.32,Compliant,Current,Watch,0
L0876,Office,Midwest,2021-04-21,2028-04-19,Fixed,5.51,12130019.0,11445687.0,17311068.0,1230995.0,87.3,0.6612,1.7,0.1076,1.95,Compliant,Current,Pass,0
L0877,Industrial,Midwest,2019-06-09,2022-06-08,Floating,7.08,22887716.0,21083286.0,45814439.0,2601178.0,100.0,0.4602,1.52,0.1234,1.74,Compliant,Current,Pass,0
L0878,Industrial,Northeast,2020-03-14,2023-03-14,Floating,5.98,14026256.0,13049107.0,19843665.0,1445309.0,90.4,0.6576,1.61,0.1108,1.85,Compliant,Current,Pass,0
L0879,Office,Northeast,2024-09-15,2029-09-14,Floating,6.7,18414582.0,18128222.0,22376091.0,1562985.0,74.7,0.8102,1.12,0.0862,1.29,Compliant,90+ Days,Watch,1
L0880,Multifamily,West,2024-02-09,2027-02-08,Floating,7.37,9252760.0,9042254.0,14548157.0,825419.0,99.9,0.6215,1.08,0.0913,1.24,Compliant,Current,Watch,0
L0881,Multifamily,West,2020-01-29,2023-01-28,Floating,8.03,12784334.0,11874790.0,19669566.0,1266846.0,94.1,0.6037,1.16,0.1067,1.33,Compliant,Current,Pass,0
L0882,Industrial,Southeast,2024-02-22,2027-02-21,Fixed,6.35,8687233.0,8493306.0,10025325.0,762147.0,96.0,0.8472,1.23,0.0897,1.41,Compliant,Current,Watch,0
L0883,Office,West,2021-11-24,2026-11-23,Fixed,6.98,18701772.0,17780107.0,28400262.0,1362408.0,72.4,0.6261,0.96,0.0766,1.1,Compliant,Current,High Risk,0
L0884,Office,Southeast,2022-11-13,2025-11-12,Floating,7.27,51227241.0,49298851.0,50963186.0,3450716.0,77.0,0.9673,0.84,0.07,0.96,Compliant,Current,High Risk,0
L0885,Industrial,Southwest,2020-11-03,2027-11-02,Fixed,5.86,5567629.0,5222588.0,10480326.0,576815.0,94.0,0.4983,1.64,0.1104,1.89,Compliant,Current,Pass,0
L0886,Office,Northeast,2024-07-30,2027-07-30,Floating,8.5,16405534.0,16125067.0,14761915.0,957374.0,77.3,1.0923,0.61,0.0594,0.7,Breached,90+ Days,High Risk,1
L0887,Industrial,Southwest,2020-11-27,2030-11-25,Floating,6.08,14747871.0,13845543.0,24348030.0,1682932.0,99.9,0.5687,1.74,0.1216,2.0,Compliant,Current,Pass,0
L0888,Multifamily,West,2020-04-13,2030-04-11,Fixed,6.28,9629480.0,8968132.0,11962324.0,994291.0,98.1,0.7497,1.53,0.1109,1.76,Compliant,Current,Pass,0
L0889,Office,Southwest,2022-07-30,2027-07-29,Floating,7.91,42934245.0,41168413.0,62540783.0,4050349.0,70.6,0.6583,1.08,0.0984,1.24,Compliant,30-60 Days,Watch,0
L0890,Multifamily,Southwest,2023-01-11,2030-01-09,Fixed,7.49,17427670.0,16805431.0,19992638.0,1563219.0,88.0,0.8406,1.08,0.093,1.24,Compliant,Current,Watch,0
L0891,Industrial,Southwest,2022-07-04,2029-07-02,Fixed,6.21,6734175.0,6451451.0,10576439.0,607463.0,88.5,0.61,1.32,0.0942,1.52,Compliant,Current,Pass,0
L0892,Hospitality,West,2022-08-15,2032-08-12,Fixed,7.09,24613135.0,23613774.0,37060147.0,2243800.0,79.1,0.6372,1.17,0.095,1.34,Compliant,Current,Pass,0
L0893,Industrial,Southwest,2024-12-20,2029-12-19,Fixed,6.0,6787280.0,6703155.0,9927648.0,697750.0,100.0,0.6752,1.51,0.1041,1.74,Compliant,Current,Pass,0
L0894,Multifamily,Southeast,2023-08-23,2026-08-22,Floating,6.16,7742654.0,7523230.0,11164550.0,745969.0,88.3,0.6738,1.4,0.0992,1.61,Compliant,Current,Pass,0
L0895,Industrial,West,2020-03-12,2027-03-11,Floating,5.51,9257890.0,8612324.0,16580409.0,1028719.0,92.7,0.5194,1.89,0.1194,2.17,Compliant,Current,Pass,0
L0896,Multifamily,Southwest,2021-12-11,2028-12-09,Floating,7.25,24046159.0,22874551.0,38797873.0,2397723.0,98.7,0.5896,1.26,0.1048,1.45,Compliant,Current,Pass,0
L0897,Multifamily,West,2021-09-25,2028-09-23,Fixed,6.95,18081719.0,17154944.0,24924625.0,1919187.0,86.3,0.6883,1.4,0.1119,1.61,Compliant,Current,Pass,0
L0898,Hospitality,Midwest,2019-07-08,2024-07-06,Fixed,5.69,21728500.0,20036177.0,20820171.0,1299262.0,74.9,0.9623,0.99,0.0648,1.14,Compliant,Current,High Risk,0
L0899,Office,Southeast,2020-06-29,2030-06-27,Floating,6.84,27661019.0,25831299.0,49781417.0,2778418.0,77.8,0.5189,1.37,0.1076,1.57,Compliant,Current,Pass,0
L0900,Office,Southwest,2020-08-25,2030-08-23,Fixed,8.59,20865812.0,19524684.0,18232063.0,1044809.0,64.1,1.0709,0.54,0.0535,0.62,Compliant,90+ Days,High Risk,1
L0901,Multifamily,Midwest,2020-12-03,2023-12-03,Floating,7.63,6305773.0,5921207.0,9075386.0,644617.0,81.6,0.6524,1.24,0.1089,1.43,Compliant,Current,Pass,0
L0902,Office,Midwest,2024-08-12,2027-08-12,Floating,5.79,16618991.0,16341977.0,11295305.0,963588.0,75.3,1.4468,0.89,0.059,1.02,Compliant,30-60 Days,High Risk,0
L0903,Office,West,2021-08-26,2024-08-25,Floating,7.5,17290098.0,16386845.0,33915908.0,2044592.0,87.8,0.4832,1.45,0.1248,1.66,Compliant,Current,Pass,0
L0904,Retail,Midwest,2023-06-17,2030-06-15,Floating,5.79,12162668.0,11791190.0,12370654.0,1043312.0,79.9,0.9532,1.33,0.0885,1.53,Compliant,Current,High Risk,0
L0905,Multifamily,Southeast,2020-04-22,2027-04-21,Fixed,3.59,8787655.0,8186724.0,10788473.0,700198.0,87.7,0.7588,2.07,0.0855,2.38,Compliant,Current,Watch,0
L0906,Hospitality,Southeast,2023-11-12,2030-11-10,Floating,6.58,13317473.0,12975524.0,19751911.0,1234133.0,69.7,0.6569,1.26,0.0951,1.45,Compliant,Current,Watch,0
L0907,Industrial,Northeast,2019-12-11,2024-12-09,Fixed,7.61,9752603.0,9043041.0,12276663.0,697407.0,80.6,0.7366,0.88,0.0771,1.01,Compliant,Current,High Risk,0
L0908,Multifamily,Southeast,2020-04-20,2025-04-19,Floating,7.86,8414220.0,7838273.0,12762694.0,806830.0,94.4,0.6142,1.14,0.1029,1.31,Compliant,Current,Watch,0
L0909,Multifamily,Midwest,2021-03-13,2026-03-12,Fixed,6.54,10044011.0,9464486.0,19805479.0,1152575.0,79.7,0.4779,1.62,0.1218,1.86,Compliant,Current,Pass,0
L0910,Multifamily,Southeast,2022-01-30,2027-01-29,Floating,6.11,11477894.0,10937521.0,21387426.0,1229190.0,96.5,0.5114,1.6,0.1124,1.84,Compliant,Current,Pass,0
L0911,Retail,West,2019-11-23,2026-11-21,Floating,7.04,6480303.0,6004986.0,7766698.0,389357.0,80.5,0.7732,0.8,0.0648,0.92,Compliant,Current,High Risk,0
L0912,Multifamily,Northeast,2021-12-07,2031-12-05,Fixed,5.96,20382102.0,19386339.0,21472888.0,1737050.0,84.5,0.9028,1.31,0.0896,1.5,Compliant,Current,High Risk,0
L0913,Retail,Midwest,2021-06-23,2031-06-21,Fixed,5.74,17414511.0,16468116.0,20735535.0,1546445.0,89.2,0.7942,1.42,0.0939,1.64,Compliant,Current,Watch,0
L0914,Multifamily,Northeast,2020-01-22,2030-01-19,Floating,7.56,19288471.0,17911750.0,30329504.0,2045555.0,98.4,0.5906,1.31,0.1142,1.51,Compliant,Current,Pass,0
L0915,Retail,Midwest,2019-01-06,2024-01-05,Fixed,5.73,3020079.0,2766691.0,4452121.0,283617.0,90.0,0.6214,1.56,0.1025,1.79,Compliant,Current,Pass,0
L0916,Multifamily,West,2020-11-19,2025-11-18,Fixed,7.21,8430205.0,7912198.0,13760031.0,893711.0,93.7,0.575,1.36,0.113,1.57,Compliant,30-60 Days,Pass,0
L0917,Multifamily,Northeast,2022-03-22,2029-03-20,Fixed,5.67,10876973.0,10383129.0,14432412.0,837193.0,93.8,0.7194,1.24,0.0806,1.42,Compliant,Current,Pass,0
L0918,Mixed-Use,Southwest,2022-05-25,2032-05-22,Fixed,8.05,5071350.0,4851767.0,7887580.0,432203.0,88.1,0.6151,0.96,0.0891,1.11,Compliant,Current,High Risk,0
L0919,Industrial,Midwest,2024-10-22,2027-10-22,Floating,5.12,6177074.0,6088530.0,9252045.0,661121.0,97.6,0.6581,1.84,0.1086,2.12,Compliant,Current,Pass,0
L0920,Office,Southwest,2020-05-17,2025-05-16,Fixed,5.34,16201199.0,15106620.0,18112957.0,1134596.0,74.8,0.834,1.22,0.0751,1.41,Compliant,Current,Watch,0
L0921,Hospitality,Northeast,2021-06-20,2024-06-19,Fixed,6.06,17186200.0,16250517.0,22500458.0,1528493.0,73.2,0.7222,1.35,0.0941,1.55,Compliant,30-60 Days,Pass,0
L0922,Retail,Southwest,2021-04-28,2028-04-26,Fixed,4.41,8038151.0,7586517.0,12155874.0,608256.0,80.6,0.6241,1.58,0.0802,1.82,Compliant,Current,Pass,0
L0923,Hospitality,Southwest,2019-02-08,2024-02-07,Fixed,3.89,10294264.0,9441730.0,13615699.0,846367.0,76.7,0.6934,2.01,0.0896,2.31,Compliant,Current,Pass,0
L0924,Industrial,Northeast,2022-08-03,2027-08-02,Fixed,4.42,7763473.0,7445192.0,14700581.0,802942.0,100.0,0.5065,2.12,0.1078,2.44,Compliant,Current,Pass,0
L0925,Multifamily,West,2024-08-16,2027-08-16,Fixed,5.94,13045680.0,12829943.0,16887218.0,1171238.0,100.0,0.7597,1.34,0.0913,1.54,Compliant,Current,Watch,0
L0926,Office,Southwest,2020-11-19,2025-11-18,Fixed,5.96,18101278.0,16989017.0,21284007.0,1574112.0,82.1,0.7982,1.35,0.0927,1.55,Compliant,Current,Watch,0
L0927,Multifamily,Southwest,2022-12-31,2032-12-28,Fixed,6.5,15343595.0,14790217.0,16632405.0,1299611.0,99.3,0.8892,1.18,0.0879,1.35,Compliant,Current,High Risk,0
L0928,Retail,West,2020-03-20,2023-03-20,Floating,6.42,9906166.0,9218000.0,12233980.0,725954.0,74.5,0.7535,1.07,0.0788,1.23,Compliant,Current,Watch,0
L0929,Retail,Southwest,2023-11-05,2030-11-03,Fixed,6.47,6395104.0,6229427.0,11623294.0,637525.0,94.5,0.5359,1.38,0.1023,1.58,Compliant,Current,Pass,0
L0930,Multifamily,Southwest,2020-08-24,2027-08-23,Floating,6.19,12819559.0,11995173.0,17500236.0,1071586.0,100.0,0.6854,1.25,0.0893,1.44,Compliant,Current,Pass,0
L0931,Office,Southwest,2023-12-09,2033-12-06,Fixed,6.84,11592700.0,11305328.0,20331584.0,1193590.0,90.0,0.556,1.34,0.1056,1.54,Compliant,Current,Pass,0
L0932,Industrial,Southeast,2024-01-26,2027-01-25,Fixed,6.73,8618918.0,8418864.0,12940788.0,891376.0,95.0,0.6506,1.37,0.1059,1.57,Compliant,Current,Pass,0
L0933,Mixed-Use,West,2022-06-01,2032-05-29,Floating,6.31,7833957.0,7496560.0,13901876.0,728110.0,82.3,0.5392,1.34,0.0971,1.54,Compliant,Current,Pass,0
L0934,Retail,Southwest,2023-04-29,2028-04-27,Fixed,6.68,14374057.0,13911882.0,24018002.0,1181937.0,78.3,0.5792,1.11,0.085,1.27,Compliant,90+ Days,Watch,1
L0935,Office,West,2023-08-28,2033-08-25,Floating,6.43,15486209.0,15049880.0,15373505.0,951343.0,70.0,0.9789,0.86,0.0632,0.98,Compliant,Current,High Risk,0
L0936,Multifamily,Midwest,2024-06-24,2034-06-22,Floating,5.23,21543530.0,21149726.0,29025600.0,2076449.0,91.8,0.7287,1.63,0.0982,1.88,Compliant,Current,Pass,0
L0937,Office,Midwest,2023-08-22,2026-08-21,Fixed,7.01,21363729.0,20757585.0,28037178.0,1563154.0,64.0,0.7404,0.93,0.0753,1.07,Compliant,30-60 Days,High Risk,0
L0938,Hospitality,Southwest,2022-10-03,2025-10-02,Floating,5.78,13516730.0,12989689.0,10029923.0,728594.0,61.9,1.2951,0.84,0.0561,0.97,Breached,90+ Days,High Risk,1
L0939,Office,West,2020-04-02,2025-04-01,Floating,7.4,20665805.0,19239015.0,21043468.0,1437017.0,78.7,0.9143,0.88,0.0747,1.01,Compliant,Current,High Risk,0
L0940,Retail,West,2021-07-25,2026-07-24,Fixed,6.49,12488230.0,11822693.0,14032953.0,1107497.0,87.5,0.8425,1.25,0.0937,1.44,Compliant,Current,Watch,0
L0941,Multifamily,West,2019-08-13,2022-08-12,Fixed,6.12,11498737.0,10616768.0,16670010.0,963188.0,84.2,0.6369,1.29,0.0907,1.48,Compliant,Current,Pass,0
L0942,Retail,Southeast,2024-05-20,2027-05-20,Fixed,4.51,8332451.0,8170551.0,13320668.0,673250.0,77.1,0.6134,1.59,0.0824,1.83,Compliant,Current,Pass,0
L0943,Industrial,Midwest,2021-03-09,2026-03-08,Floating,7.99,7383764.0,6956760.0,9006596.0,633946.0,85.3,0.7724,0.99,0.0911,1.14,Compliant,Current,High Risk,0
L0944,Industrial,West,2019-01-07,2022-01-06,Floating,6.27,10133450.0,9283573.0,14867010.0,1003804.0,92.2,0.6244,1.5,0.1081,1.72,Compliant,Current,Pass,0
L0945,Multifamily,West,2022-10-08,2025-10-07,Floating,7.17,13677480.0,13146419.0,25243094.0,1686806.0,100.0,0.5208,1.56,0.1283,1.79,Compliant,Current,Pass,0
L0946,Office,Southeast,2020-12-20,2025-12-19,Floating,6.5,13092284.0,12301151.0,23039742.0,1280308.0,86.5,0.5339,1.39,0.1041,1.6,Compliant,Current,Pass,0
L0947,Office,Southeast,2022-01-11,2025-01-10,Fixed,5.96,9941908.0,9467638.0,11653899.0,838805.0,79.7,0.8124,1.29,0.0886,1.49,Compliant,Current,Watch,0
L0948,Hospitality,West,2024-09-20,2029-09-19,Fixed,6.37,44675544.0,43988152.0,48238683.0,2860514.0,72.4,0.9119,0.89,0.065,1.02,Compliant,Current,High Risk,0
L0949,Hospitality,Northeast,2019-11-15,2024-11-13,Floating,6.62,30670729.0,28413027.0,32906283.0,2198750.0,76.1,0.8635,1.02,0.0774,1.17,Compliant,Current,High Risk,0
L0950,Retail,West,2022-08-15,2027-08-14,Fixed,5.96,5919367.0,5679025.0,10570955.0,643389.0,92.4,0.5372,1.65,0.1133,1.9,Compliant,Current,Pass,0
L0951,Retail,West,2023-03-06,2033-03-03,Floating,6.55,9027297.0,8721012.0,10964249.0,747646.0,84.5,0.7954,1.14,0.0857,1.31,Compliant,90+ Days,Watch,1
L0952,Industrial,Southeast,2019-05-31,2024-05-29,Fixed,6.58,4434287.0,4083383.0,6452621.0,350015.0,87.2,0.6328,1.13,0.0857,1.3,Compliant,Current,Watch,0
L0953,Office,Southeast,2024-04-04,2029-04-03,Fixed,6.65,6067719.0,5940646.0,9174362.0,637592.0,77.0,0.6475,1.4,0.1073,1.61,Compliant,Current,Pass,0
L0954,Hospitality,West,2022-03-09,2027-03-08,Floating,6.64,39937497.0,38107156.0,54750497.0,3882812.0,76.0,0.696,1.33,0.1019,1.53,Compliant,90+ Days,Pass,1
L0955,Multifamily,West,2022-02-15,2029-02-13,Floating,7.16,13614832.0,12981015.0,19099997.0,1261436.0,89.8,0.6796,1.18,0.0972,1.36,Compliant,Current,Pass,0
L0956,Multifamily,West,2020-09-11,2030-09-09,Fixed,5.82,11689258.0,10944476.0,10813253.0,862844.0,83.2,1.0121,1.18,0.0788,1.35,Compliant,Current,High Risk,0
L0957,Retail,Southeast,2024-03-15,2034-03-13,Floating,8.6,9092074.0,8895685.0,11533203.0,771161.0,73.2,0.7713,0.88,0.0867,1.01,Compliant,Current,High Risk,0
L0958,Office,West,2019-03-29,2026-03-27,Fixed,7.54,106138428.0,97519406.0,108966040.0,7983809.0,77.0,0.895,0.94,0.0819,1.09,Compliant,90+ Days,High Risk,1
L0959,Office,West,2021-06-19,2024-06-18,Floating,7.29,29031289.0,27449759.0,36420160.0,2397603.0,69.8,0.7537,1.04,0.0873,1.2,Compliant,Current,Watch,0
L0960,Industrial,Southwest,2024-02-29,2029-02-27,Floating,4.85,5627093.0,5502773.0,6864043.0,497400.0,90.5,0.8017,1.62,0.0904,1.86,Compliant,Current,Watch,0
L0961,Office,Northeast,2022-05-01,2025-04-30,Floating,7.15,7143228.0,6828299.0,16219896.0,830463.0,89.6,0.421,1.48,0.1216,1.7,Compliant,Current,Pass,0
L0962,Retail,Midwest,2021-07-30,2031-07-28,Floating,6.3,14288231.0,13529115.0,18416307.0,1202520.0,86.6,0.7346,1.23,0.0889,1.41,Compliant,Current,Pass,0
L0963,Multifamily,Northeast,2021-07-11,2028-07-09,Fixed,5.32,19216309.0,18183367.0,42315536.0,2321328.0,86.0,0.4297,2.09,0.1277,2.4,Compliant,Current,Pass,0
L0964,Multifamily,Southwest,2020-11-06,2027-11-05,Fixed,5.87,16464229.0,15445521.0,25332863.0,1678653.0,94.5,0.6097,1.61,0.1087,1.85,Compliant,Current,Pass,0
L0965,Multifamily,Midwest,2019-03-04,2024-03-02,Floating,5.82,7673886.0,7044417.0,14097795.0,965103.0,100.0,0.4997,2.05,0.137,2.35,Compliant,Current,Pass,0
L0966,Multifamily,West,2021-09-10,2028-09-08,Fixed,6.66,14654004.0,13895689.0,17886943.0,1292644.0,91.0,0.7769,1.22,0.093,1.4,Compliant,Current,Watch,0
L0967,Industrial,Southwest,2021-03-25,2026-03-24,Floating,8.05,6717696.0,6332744.0,6206779.0,430807.0,75.2,1.0203,0.73,0.068,0.84,Breached,90+ Days,High Risk,1
L0968,Multifamily,West,2020-02-24,2023-02-23,Fixed,6.94,17278046.0,16063565.0,19081285.0,1182435.0,97.2,0.8418,0.92,0.0736,1.06,Compliant,Current,High Risk,0
L0969,Retail,Southeast,2020-04-18,2025-04-17,Floating,9.09,13734389.0,12793376.0,26292772.0,1530703.0,89.8,0.4866,1.15,0.1196,1.32,Compliant,Current,Watch,0
L0970,Multifamily,Southwest,2019-05-31,2024-05-29,Floating,5.2,8899514.0,8195257.0,19920371.0,874849.0,92.7,0.4114,1.78,0.1068,2.05,Compliant,Current,Pass,0
L0971,Industrial,Southeast,2022-10-29,2027-10-28,Floating,6.14,18635730.0,17925019.0,22605015.0,1483334.0,92.2,0.793,1.17,0.0828,1.35,Compliant,Current,Watch,0
L0972,Mixed-Use,Southwest,2022-07-20,2032-07-17,Fixed,5.35,14912893.0,14294641.0,19423635.0,1461449.0,78.5,0.7359,1.66,0.1022,1.91,Compliant,Current,Pass,0
L0973,Industrial,Southwest,2019-08-20,2022-08-19,Floating,7.71,13106593.0,12104315.0,24303846.0,1603459.0,100.0,0.498,1.49,0.1325,1.72,Compliant,Current,Pass,0
L0974,Multifamily,Southeast,2024-06-06,2029-06-05,Fixed,6.0,5839285.0,5729090.0,8834355.0,567495.0,77.3,0.6485,1.44,0.0991,1.65,Compliant,Current,Pass,0
L0975,Office,Midwest,2022-05-10,2027-05-09,Fixed,6.37,20452185.0,19556548.0,19785264.0,1311516.0,75.5,0.9884,0.92,0.0671,1.05,Compliant,30-60 Days,High Risk,0
L0976,Multifamily,Northeast,2023-09-18,2028-09-16,Floating,7.17,8275797.0,8048337.0,14868535.0,914573.0,89.3,0.5413,1.38,0.1136,1.58,Compliant,Current,Pass,0
L0977,Retail,West,2022-06-24,2029-06-22,Floating,5.29,10386324.0,9946854.0,16169466.0,1079388.0,93.8,0.6152,1.78,0.1085,2.05,Compliant,Current,Pass,0
L0978,Office,Southwest,2024-08-18,2031-08-17,Floating,6.04,40338697.0,39674269.0,73043591.0,4481613.0,87.9,0.5432,1.63,0.113,1.87,Compliant,Current,Pass,0
L0979,Retail,West,2024-01-01,2030-12-30,Fixed,7.1,9380918.0,9155468.0,15887115.0,904137.0,85.2,0.5763,1.21,0.0988,1.39,Compliant,Current,Pass,0
L0980,Retail,Southeast,2024-07-02,2034-06-30,Fixed,5.71,4874275.0,4786458.0,7219368.0,464366.0,88.5,0.663,1.48,0.097,1.7,Compliant,Current,Pass,0
L0981,Multifamily,West,2021-03-05,2028-03-03,Fixed,4.66,16936364.0,15954704.0,30833093.0,1977205.0,94.2,0.5175,2.31,0.1239,2.66,Compliant,Current,Pass,0
L0982,Industrial,Southeast,2023-07-15,2026-07-14,Fixed,5.39,12473032.0,12103557.0,17942320.0,1469055.0,100.0,0.6746,1.96,0.1214,2.25,Compliant,Current,Pass,0
L0983,Office,West,2020-08-13,2027-08-12,Fixed,5.94,55846269.0,52234775.0,101127092.0,5839967.0,86.3,0.5165,1.64,0.1118,1.88,Compliant,Current,Pass,0
L0984,Office,Northeast,2021-07-08,2026-07-07,Floating,6.75,20698353.0,19583704.0,23439292.0,1489919.0,73.7,0.8355,0.98,0.0761,1.13,Compliant,Current,High Risk,0
L0985,Industrial,Northeast,2022-01-01,2024-12-31,Fixed,6.14,7246900.0,6898811.0,11543343.0,723652.0,97.5,0.5976,1.49,0.1049,1.71,Compliant,Current,Pass,0
L0986,Retail,Northeast,2021-06-06,2024-06-05,Floating,6.05,12222692.0,11551616.0,14262413.0,869592.0,90.1,0.8099,1.08,0.0753,1.24,Compliant,Current,Watch,0
L0987,Industrial,Northeast,2022-07-01,2029-06-29,Floating,7.45,9321860.0,8929575.0,12038504.0,838096.0,93.1,0.7418,1.1,0.0939,1.26,Compliant,Current,Watch,0
L0988,Multifamily,Northeast,2024-08-03,2031-08-02,Floating,6.48,12541519.0,12328760.0,16350751.0,1392130.0,95.0,0.754,1.51,0.1129,1.74,Compliant,Current,Watch,0
L0989,Multifamily,Northeast,2022-03-10,2025-03-09,Floating,6.79,7201180.0,6871385.0,12123481.0,753020.0,92.2,0.5668,1.4,0.1096,1.61,Compliant,Current,Pass,0
L0990,Industrial,Southeast,2021-09-01,2028-08-30,Floating,6.1,9348781.0,8862234.0,11548445.0,804269.0,95.3,0.7674,1.29,0.0908,1.49,Compliant,Current,Watch,0
L0991,Industrial,Southwest,2019-08-04,2029-08-01,Fixed,7.56,10170869.0,9387740.0,21986208.0,1050691.0,83.2,0.427,1.29,0.1119,1.48,Compliant,Current,Pass,0
L0992,Industrial,West,2024-04-06,2027-04-06,Fixed,5.85,9318422.0,9123884.0,19655444.0,1207989.0,86.7,0.4642,1.97,0.1324,2.26,Compliant,Current,Pass,0
L0993,Multifamily,Northeast,2021-10-03,2024-10-02,Fixed,6.27,8670432.0,8228311.0,9891857.0,781429.0,98.5,0.8318,1.32,0.095,1.52,Compliant,Current,Watch,0
L0994,Retail,Southeast,2023-09-30,2030-09-28,Fixed,7.13,9374259.0,9120307.0,11450704.0,738630.0,77.3,0.7965,0.99,0.081,1.14,Compliant,Current,High Risk,0
L0995,Multifamily,Southeast,2024-09-19,2029-09-18,Floating,6.85,7221024.0,7109682.0,9516425.0,661592.0,95.8,0.7471,1.18,0.0931,1.36,Compliant,Current,Pass,0
L0996,Office,Southeast,2020-04-27,2027-04-26,Fixed,6.43,9515525.0,8866384.0,12834994.0,762338.0,77.3,0.6908,1.16,0.086,1.34,Compliant,Current,Pass,0
L0997,Hospitality,Southwest,2023-10-26,2026-10-25,Floating,4.82,32501536.0,31648838.0,40164675.0,2703806.0,76.2,0.788,1.54,0.0854,1.77,Compliant,Current,Watch,0
L0998,Office,West,2024-08-15,2029-08-14,Floating,7.21,25283054.0,24864117.0,24950967.0,1988467.0,83.2,0.9965,0.96,0.08,1.11,Compliant,Current,High Risk,0
L0999,Mixed-Use,Southwest,2020-11-29,2027-11-28,Fixed,6.25,6820105.0,6403275.0,10258093.0,559674.0,81.4,0.6242,1.22,0.0874,1.4,Compliant,Current,Pass,0
L1000,Multifamily,Midwest,2024-10-07,2031-10-06,Floating,7.09,4387025.0,4321977.0,4968641.0,420739.0,90.2,0.8699,1.19,0.0973,1.37,Compliant,Current,High Risk,0
